orderNumber,verdict,blockerReason,omsId,omsStatus,outboundId,outboundNumber,outboundStatus,restoreQtyTotal,restoreSlices,locationPaths,lots,skus,reservationCount,workflowCount,taskCount,manualChargeCount,documentCount,recordsToDelete
"OMS-2026-00018","SAFE","","87688c8f-ec53-4686-a5ac-79807c60d599","shipped","3e244969-6e9e-49e7-8678-5aadbfa8fb62","OUT-2026-02127","shipped","1","1","WH-001/RETURNS","333dfd88-6264-4dae-8f5d-b2bc3b512e7e","AIRCOOLING1:1","2","1","3","0","0","outbound_orders:3e244969-6e9e-49e7-8678-5aadbfa8fb62; outbound_order_lines (cascade); stock_reservations x2 (cascade); carrier_shipments / bulk_shipping_job_items (cascade); workflow_instances x1; warehouse_tasks x3; documents x0; order_manual_charges x0"
"OMS-2026-00020","SAFE","","bac492f1-b3f4-4024-a3d3-e6ca721662bd","shipped","66f56f89-9a30-40dd-a5d2-4d72bd482d2c","OUT-2026-02128","shipped","1","1","WH-001/RETURNS","333dfd88-6264-4dae-8f5d-b2bc3b512e7e","AIRCOOLING1:1","2","1","3","0","0","outbound_orders:66f56f89-9a30-40dd-a5d2-4d72bd482d2c; outbound_order_lines (cascade); stock_reservations x2 (cascade); carrier_shipments / bulk_shipping_job_items (cascade); workflow_instances x1; warehouse_tasks x3; documents x0; order_manual_charges x0"
"OMS-2026-00021","SAFE","","9af1994d-15e3-4e22-aff1-108cb51e33f3","shipped","5613dbd0-1944-44a8-8846-307060ac2330","OUT-2026-02129","shipped","1","1","WH-001/RETURNS","333dfd88-6264-4dae-8f5d-b2bc3b512e7e","AIRCOOLING1:1","2","1","3","0","0","outbound_orders:5613dbd0-1944-44a8-8846-307060ac2330; outbound_order_lines (cascade); stock_reservations x2 (cascade); carrier_shipments / bulk_shipping_job_items (cascade); workflow_instances x1; warehouse_tasks x3; documents x0; order_manual_charges x0"
"OMS-2026-00022","SAFE","","a329bc5e-bcd9-4f75-b403-728e7c1d132b","shipped","d88bd775-f131-4219-9424-aa46ee6c5453","OUT-2026-02130","shipped","1","1","WH-001/RETURNS","333dfd88-6264-4dae-8f5d-b2bc3b512e7e","AIRCOOLING1:1","2","1","3","0","0","outbound_orders:d88bd775-f131-4219-9424-aa46ee6c5453; outbound_order_lines (cascade); stock_reservations x2 (cascade); carrier_shipments / bulk_shipping_job_items (cascade); workflow_instances x1; warehouse_tasks x3; documents x0; order_manual_charges x0"
"OMS-2026-00025","SAFE","","b4d90cf4-3d85-4aac-aa5c-53e899f4c301","shipped","82b76bb7-4dde-4560-96e5-82688012bbb5","OUT-2026-02131","shipped","1","1","WH-001/RETURNS","333dfd88-6264-4dae-8f5d-b2bc3b512e7e","AIRCOOLING1:1","2","1","3","0","0","outbound_orders:82b76bb7-4dde-4560-96e5-82688012bbb5; outbound_order_lines (cascade); stock_reservations x2 (cascade); carrier_shipments / bulk_shipping_job_items (cascade); workflow_instances x1; warehouse_tasks x3; documents x0; order_manual_charges x0"
"OMS-2026-00026","SAFE","","b6d55b5e-298e-41ca-b7a9-071c360f6c8a","shipped","b37e7258-db7f-40e5-bc01-62bfc37d9168","OUT-2026-02132","shipped","1","1","WH-001/RETURNS","333dfd88-6264-4dae-8f5d-b2bc3b512e7e","AIRCOOLING1:1","2","1","3","0","0","outbound_orders:b37e7258-db7f-40e5-bc01-62bfc37d9168; outbound_order_lines (cascade); stock_reservations x2 (cascade); carrier_shipments / bulk_shipping_job_items (cascade); workflow_instances x1; warehouse_tasks x3; documents x0; order_manual_charges x0"
"OMS-2026-00027","SAFE","","a44ac2fd-e9e1-48ef-952a-68cb037d4241","shipped","4ec770eb-a57f-4e6f-9c2a-7a5570fae326","OUT-2026-02133","shipped","1","1","WH-001/RETURNS","333dfd88-6264-4dae-8f5d-b2bc3b512e7e","AIRCOOLING1:1","2","1","3","0","0","outbound_orders:4ec770eb-a57f-4e6f-9c2a-7a5570fae326; outbound_order_lines (cascade); stock_reservations x2 (cascade); carrier_shipments / bulk_shipping_job_items (cascade); workflow_instances x1; warehouse_tasks x3; documents x0; order_manual_charges x0"
"OMS-2026-00028","SAFE","","8387b266-e7c8-42cd-b5fc-6631b489ec91","shipped","9dd14ec3-0ac4-4c22-bf2d-c7e4996ef460","OUT-2026-02134","shipped","1","1","WH-001/RETURNS","333dfd88-6264-4dae-8f5d-b2bc3b512e7e","AIRCOOLING1:1","2","1","3","0","0","outbound_orders:9dd14ec3-0ac4-4c22-bf2d-c7e4996ef460; outbound_order_lines (cascade); stock_reservations x2 (cascade); carrier_shipments / bulk_shipping_job_items (cascade); workflow_instances x1; warehouse_tasks x3; documents x0; order_manual_charges x0"
"OMS-2026-00032","SAFE","","5f7cb459-932a-478a-bb43-c0810148c172","shipped","03159971-78e7-4b61-b763-e7856d6b495e","OUT-2026-02135","shipped","1","1","WH-001/RETURNS","333dfd88-6264-4dae-8f5d-b2bc3b512e7e","AIRCOOLING1:1","2","1","3","0","0","outbound_orders:03159971-78e7-4b61-b763-e7856d6b495e; outbound_order_lines (cascade); stock_reservations x2 (cascade); carrier_shipments / bulk_shipping_job_items (cascade); workflow_instances x1; warehouse_tasks x3; documents x0; order_manual_charges x0"
"OMS-2026-00033","SAFE","","c73226af-e78e-4be6-b1bf-d4343bacf217","shipped","1da002d1-27c8-450b-8f40-288cb248e99e","OUT-2026-02136","shipped","1","1","WH-001/RETURNS","333dfd88-6264-4dae-8f5d-b2bc3b512e7e","AIRCOOLING1:1","2","1","3","0","0","outbound_orders:1da002d1-27c8-450b-8f40-288cb248e99e; outbound_order_lines (cascade); stock_reservations x2 (cascade); carrier_shipments / bulk_shipping_job_items (cascade); workflow_instances x1; warehouse_tasks x3; documents x0; order_manual_charges x0"
"OMS-2026-00034","SAFE","","f37a005c-717d-499e-91e9-d728c6bbae5a","shipped","4ade7451-3b56-40b4-8b68-e9d2d0a48d52","OUT-2026-02137","shipped","1","1","WH-001/RETURNS","333dfd88-6264-4dae-8f5d-b2bc3b512e7e","AIRCOOLING1:1","2","1","3","0","0","outbound_orders:4ade7451-3b56-40b4-8b68-e9d2d0a48d52; outbound_order_lines (cascade); stock_reservations x2 (cascade); carrier_shipments / bulk_shipping_job_items (cascade); workflow_instances x1; warehouse_tasks x3; documents x0; order_manual_charges x0"
"OMS-2026-00035","SAFE","","099ac23e-b387-40b1-9538-1e36b08db0ef","shipped","65ffc074-a3e3-4336-b3a3-a86f1846a499","OUT-2026-02138","shipped","1","1","WH-001/RETURNS","333dfd88-6264-4dae-8f5d-b2bc3b512e7e","AIRCOOLING1:1","2","1","3","0","0","outbound_orders:65ffc074-a3e3-4336-b3a3-a86f1846a499; outbound_order_lines (cascade); stock_reservations x2 (cascade); carrier_shipments / bulk_shipping_job_items (cascade); workflow_instances x1; warehouse_tasks x3; documents x0; order_manual_charges x0"
"OMS-2026-00036","SAFE","","a3209353-4c48-40bd-9c39-1293cde789c9","shipped","754c63e3-4c49-42dc-a41e-542b7b459411","OUT-2026-02139","shipped","1","1","WH-001/RETURNS","333dfd88-6264-4dae-8f5d-b2bc3b512e7e","AIRCOOLING1:1","2","1","3","0","0","outbound_orders:754c63e3-4c49-42dc-a41e-542b7b459411; outbound_order_lines (cascade); stock_reservations x2 (cascade); carrier_shipments / bulk_shipping_job_items (cascade); workflow_instances x1; warehouse_tasks x3; documents x0; order_manual_charges x0"
"OMS-2026-00037","SAFE","","14daeeca-03b6-4bdd-9c9d-80deec279240","shipped","fc8afbca-b45d-448f-8edb-21218d9d0bf8","OUT-2026-02140","shipped","1","1","WH-001/RETURNS","333dfd88-6264-4dae-8f5d-b2bc3b512e7e","AIRCOOLING1:1","2","1","3","0","0","outbound_orders:fc8afbca-b45d-448f-8edb-21218d9d0bf8; outbound_order_lines (cascade); stock_reservations x2 (cascade); carrier_shipments / bulk_shipping_job_items (cascade); workflow_instances x1; warehouse_tasks x3; documents x0; order_manual_charges x0"
"OMS-2026-00038","SAFE","","f2cbfe52-095e-4701-a8e4-798e4285d178","shipped","51c39ba9-19f9-46f1-bd5d-010bc41e9325","OUT-2026-02141","shipped","1","1","WH-001/RETURNS","333dfd88-6264-4dae-8f5d-b2bc3b512e7e","AIRCOOLING1:1","2","1","3","0","0","outbound_orders:51c39ba9-19f9-46f1-bd5d-010bc41e9325; outbound_order_lines (cascade); stock_reservations x2 (cascade); carrier_shipments / bulk_shipping_job_items (cascade); workflow_instances x1; warehouse_tasks x3; documents x0; order_manual_charges x0"
"OMS-2026-00039","SAFE","","dfb3793a-a570-471f-86bb-d825028e2722","shipped","3019efa9-05d1-4f1c-98ad-4221169cacd6","OUT-2026-02142","shipped","1","1","WH-001/RETURNS","333dfd88-6264-4dae-8f5d-b2bc3b512e7e","AIRCOOLING1:1","2","1","3","0","0","outbound_orders:3019efa9-05d1-4f1c-98ad-4221169cacd6; outbound_order_lines (cascade); stock_reservations x2 (cascade); carrier_shipments / bulk_shipping_job_items (cascade); workflow_instances x1; warehouse_tasks x3; documents x0; order_manual_charges x0"
"OMS-2026-00040","SAFE","","697cc37d-7306-4584-83e8-79e76a9c8e3c","shipped","2077995b-c1f5-42e6-ab97-7591fe103a26","OUT-2026-02143","shipped","1","1","WH-001/RETURNS","333dfd88-6264-4dae-8f5d-b2bc3b512e7e","AIRCOOLING1:1","2","1","3","0","0","outbound_orders:2077995b-c1f5-42e6-ab97-7591fe103a26; outbound_order_lines (cascade); stock_reservations x2 (cascade); carrier_shipments / bulk_shipping_job_items (cascade); workflow_instances x1; warehouse_tasks x3; documents x0; order_manual_charges x0"
"OMS-2026-00041","SAFE","","5f993cab-2ba7-46b2-a2e1-98b5b6a1158d","shipped","512da15f-d097-41e4-b6a1-16af6e081644","OUT-2026-02144","shipped","1","1","WH-001/RETURNS","333dfd88-6264-4dae-8f5d-b2bc3b512e7e","AIRCOOLING1:1","2","1","3","0","0","outbound_orders:512da15f-d097-41e4-b6a1-16af6e081644; outbound_order_lines (cascade); stock_reservations x2 (cascade); carrier_shipments / bulk_shipping_job_items (cascade); workflow_instances x1; warehouse_tasks x3; documents x0; order_manual_charges x0"
"OMS-2026-00042","SAFE","","85e915c5-c2f6-4377-b68c-2c39f473b371","shipped","b2926867-7a3d-46c2-8cfa-aa2e2f9546a4","OUT-2026-02145","shipped","1","1","WH-001/RETURNS","333dfd88-6264-4dae-8f5d-b2bc3b512e7e","AIRCOOLING1:1","2","1","3","0","0","outbound_orders:b2926867-7a3d-46c2-8cfa-aa2e2f9546a4; outbound_order_lines (cascade); stock_reservations x2 (cascade); carrier_shipments / bulk_shipping_job_items (cascade); workflow_instances x1; warehouse_tasks x3; documents x0; order_manual_charges x0"
"OMS-2026-00043","SAFE","","cb54107e-e7e3-43c9-b7ce-dd23335dd92a","shipped","4c151a1f-e83f-4237-b421-72425d8afe59","OUT-2026-02146","shipped","1","1","WH-001/RETURNS","333dfd88-6264-4dae-8f5d-b2bc3b512e7e","AIRCOOLING1:1","2","1","3","0","0","outbound_orders:4c151a1f-e83f-4237-b421-72425d8afe59; outbound_order_lines (cascade); stock_reservations x2 (cascade); carrier_shipments / bulk_shipping_job_items (cascade); workflow_instances x1; warehouse_tasks x3; documents x0; order_manual_charges x0"
"OMS-2026-00044","SAFE","","a884435b-ce2d-4eba-9dfc-be32f564e670","shipped","bf8a8b98-fb94-495c-bb50-5a6191dd6a40","OUT-2026-02147","shipped","1","1","WH-001/RETURNS","333dfd88-6264-4dae-8f5d-b2bc3b512e7e","AIRCOOLING1:1","2","1","3","0","0","outbound_orders:bf8a8b98-fb94-495c-bb50-5a6191dd6a40; outbound_order_lines (cascade); stock_reservations x2 (cascade); carrier_shipments / bulk_shipping_job_items (cascade); workflow_instances x1; warehouse_tasks x3; documents x0; order_manual_charges x0"
"OMS-2026-00046","SAFE","","d7c84928-27ab-4694-b22a-e5bc7fde5bc7","shipped","a5a32172-7f4c-4641-8766-603c90a62da1","OUT-2026-02148","shipped","1","1","WH-001/RETURNS","333dfd88-6264-4dae-8f5d-b2bc3b512e7e","AIRCOOLING1:1","2","1","3","0","0","outbound_orders:a5a32172-7f4c-4641-8766-603c90a62da1; outbound_order_lines (cascade); stock_reservations x2 (cascade); carrier_shipments / bulk_shipping_job_items (cascade); workflow_instances x1; warehouse_tasks x3; documents x0; order_manual_charges x0"
"OMS-2026-00048","SAFE","","e6542ff9-4a6a-4d91-8576-1cc76cb1571d","shipped","66b5f7e6-c374-49cd-aa0e-6ec1e763e63f","OUT-2026-02149","shipped","1","1","WH-001/RETURNS","333dfd88-6264-4dae-8f5d-b2bc3b512e7e","AIRCOOLING1:1","2","1","3","0","0","outbound_orders:66b5f7e6-c374-49cd-aa0e-6ec1e763e63f; outbound_order_lines (cascade); stock_reservations x2 (cascade); carrier_shipments / bulk_shipping_job_items (cascade); workflow_instances x1; warehouse_tasks x3; documents x0; order_manual_charges x0"
"OMS-2026-00050","SAFE","","0901e42a-f11a-4748-8454-e856bb2fd31b","shipped","44b5828c-1a5d-435e-a1c4-a9af27562935","OUT-2026-02150","shipped","1","1","WH-001/RETURNS","333dfd88-6264-4dae-8f5d-b2bc3b512e7e","AIRCOOLING1:1","2","1","3","0","0","outbound_orders:44b5828c-1a5d-435e-a1c4-a9af27562935; outbound_order_lines (cascade); stock_reservations x2 (cascade); carrier_shipments / bulk_shipping_job_items (cascade); workflow_instances x1; warehouse_tasks x3; documents x0; order_manual_charges x0"
"OMS-2026-00051","SAFE","","dae992e5-7e23-4e74-9b05-b16e936de408","shipped","9e2be8fe-d956-459e-80a1-047cd2a4caa8","OUT-2026-02151","shipped","1","1","WH-001/RETURNS","333dfd88-6264-4dae-8f5d-b2bc3b512e7e","AIRCOOLING1:1","2","1","3","0","0","outbound_orders:9e2be8fe-d956-459e-80a1-047cd2a4caa8; outbound_order_lines (cascade); stock_reservations x2 (cascade); carrier_shipments / bulk_shipping_job_items (cascade); workflow_instances x1; warehouse_tasks x3; documents x0; order_manual_charges x0"
"OMS-2026-00053","SAFE","","d55f9165-16d1-4905-b824-20e025c0d782","shipped","972b5a7b-15f1-4e69-b79e-ca20aee2cf1b","OUT-2026-02152","shipped","1","1","WH-001/RETURNS","333dfd88-6264-4dae-8f5d-b2bc3b512e7e","AIRCOOLING1:1","2","1","3","0","0","outbound_orders:972b5a7b-15f1-4e69-b79e-ca20aee2cf1b; outbound_order_lines (cascade); stock_reservations x2 (cascade); carrier_shipments / bulk_shipping_job_items (cascade); workflow_instances x1; warehouse_tasks x3; documents x0; order_manual_charges x0"
"OMS-2026-00054","SAFE","","280d6480-ebb9-4742-ba81-1d682ba50da3","shipped","db64750c-ea0c-45e0-8ce7-6acf51c62b43","OUT-2026-02153","shipped","1","1","WH-001/RETURNS","333dfd88-6264-4dae-8f5d-b2bc3b512e7e","AIRCOOLING1:1","2","1","3","0","0","outbound_orders:db64750c-ea0c-45e0-8ce7-6acf51c62b43; outbound_order_lines (cascade); stock_reservations x2 (cascade); carrier_shipments / bulk_shipping_job_items (cascade); workflow_instances x1; warehouse_tasks x3; documents x0; order_manual_charges x0"
"OMS-2026-00057","SAFE","","a2abeca8-d12e-4192-9552-f9f98790c01e","shipped","00988146-6f22-48e0-844a-9a5e7b5463c4","OUT-2026-02154","shipped","1","1","WH-001/RETURNS","333dfd88-6264-4dae-8f5d-b2bc3b512e7e","AIRCOOLING1:1","2","1","3","0","0","outbound_orders:00988146-6f22-48e0-844a-9a5e7b5463c4; outbound_order_lines (cascade); stock_reservations x2 (cascade); carrier_shipments / bulk_shipping_job_items (cascade); workflow_instances x1; warehouse_tasks x3; documents x0; order_manual_charges x0"
"OMS-2026-00058","SAFE","","63fa7705-0d12-4cdd-b327-72a9f5b8254e","shipped","3fd569a5-d02f-48e2-820d-ae2f6e89de5f","OUT-2026-02155","shipped","1","1","WH-001/RETURNS","333dfd88-6264-4dae-8f5d-b2bc3b512e7e","AIRCOOLING1:1","2","1","3","0","0","outbound_orders:3fd569a5-d02f-48e2-820d-ae2f6e89de5f; outbound_order_lines (cascade); stock_reservations x2 (cascade); carrier_shipments / bulk_shipping_job_items (cascade); workflow_instances x1; warehouse_tasks x3; documents x0; order_manual_charges x0"
"OMS-2026-00059","SAFE","","1f1a7647-969f-494f-83b7-8af6f78718a8","shipped","44dcf2a7-c85e-4f82-ba79-bf456a514333","OUT-2026-02156","shipped","1","1","WH-001/RETURNS","333dfd88-6264-4dae-8f5d-b2bc3b512e7e","AIRCOOLING1:1","2","1","3","0","0","outbound_orders:44dcf2a7-c85e-4f82-ba79-bf456a514333; outbound_order_lines (cascade); stock_reservations x2 (cascade); carrier_shipments / bulk_shipping_job_items (cascade); workflow_instances x1; warehouse_tasks x3; documents x0; order_manual_charges x0"
"OMS-2026-00060","SAFE","","f2c936bd-f36f-46fe-985b-7b9ca2af2f10","shipped","a198c340-90c9-4877-855c-5a0dde9de14c","OUT-2026-02157","shipped","1","1","WH-001/RETURNS","333dfd88-6264-4dae-8f5d-b2bc3b512e7e","AIRCOOLING1:1","2","1","3","0","0","outbound_orders:a198c340-90c9-4877-855c-5a0dde9de14c; outbound_order_lines (cascade); stock_reservations x2 (cascade); carrier_shipments / bulk_shipping_job_items (cascade); workflow_instances x1; warehouse_tasks x3; documents x0; order_manual_charges x0"
"OMS-2026-00061","SAFE","","b1128e33-39f3-4c93-8d3c-5c965bfad514","shipped","7985b7a0-1c26-4f12-844e-06177ed64a44","OUT-2026-02158","shipped","1","1","WH-001/RETURNS","333dfd88-6264-4dae-8f5d-b2bc3b512e7e","AIRCOOLING1:1","2","1","3","0","0","outbound_orders:7985b7a0-1c26-4f12-844e-06177ed64a44; outbound_order_lines (cascade); stock_reservations x2 (cascade); carrier_shipments / bulk_shipping_job_items (cascade); workflow_instances x1; warehouse_tasks x3; documents x0; order_manual_charges x0"
"OMS-2026-00062","SAFE","","76c89552-9ac9-474f-88f7-33c0c2841f21","shipped","3a760849-8970-43c1-b33e-e7090be330e6","OUT-2026-02159","shipped","1","1","WH-001/RETURNS","333dfd88-6264-4dae-8f5d-b2bc3b512e7e","AIRCOOLING1:1","2","1","3","0","0","outbound_orders:3a760849-8970-43c1-b33e-e7090be330e6; outbound_order_lines (cascade); stock_reservations x2 (cascade); carrier_shipments / bulk_shipping_job_items (cascade); workflow_instances x1; warehouse_tasks x3; documents x0; order_manual_charges x0"
"OMS-2026-00066","SAFE","","9c6dd482-4e38-4bbd-ad88-2931a0bc6b47","shipped","330ccf46-5cd2-4276-844c-6adcb16a32dc","OUT-2026-02160","shipped","1","1","WH-001/RETURNS","333dfd88-6264-4dae-8f5d-b2bc3b512e7e","AIRCOOLING1:1","2","1","3","0","0","outbound_orders:330ccf46-5cd2-4276-844c-6adcb16a32dc; outbound_order_lines (cascade); stock_reservations x2 (cascade); carrier_shipments / bulk_shipping_job_items (cascade); workflow_instances x1; warehouse_tasks x3; documents x0; order_manual_charges x0"
"OMS-2026-00068","SAFE","","6a193b4e-b7ec-4b64-b8b7-f04bb68a4b6b","shipped","5fc96d84-1b27-47cb-9775-bbcf58848e80","OUT-2026-02161","shipped","1","1","WH-001/RETURNS","333dfd88-6264-4dae-8f5d-b2bc3b512e7e","AIRCOOLING1:1","2","1","3","0","0","outbound_orders:5fc96d84-1b27-47cb-9775-bbcf58848e80; outbound_order_lines (cascade); stock_reservations x2 (cascade); carrier_shipments / bulk_shipping_job_items (cascade); workflow_instances x1; warehouse_tasks x3; documents x0; order_manual_charges x0"
"OMS-2026-00069","SAFE","","d0d35fdc-0a35-4229-8d64-0d247c446abf","shipped","ba1929db-7ff7-4749-9a67-dbcd6b4b19ab","OUT-2026-02162","shipped","1","1","WH-001/RETURNS","333dfd88-6264-4dae-8f5d-b2bc3b512e7e","AIRCOOLING1:1","2","1","3","0","0","outbound_orders:ba1929db-7ff7-4749-9a67-dbcd6b4b19ab; outbound_order_lines (cascade); stock_reservations x2 (cascade); carrier_shipments / bulk_shipping_job_items (cascade); workflow_instances x1; warehouse_tasks x3; documents x0; order_manual_charges x0"
"OMS-2026-00070","SAFE","","45834936-fce9-4c13-b1e1-db75db042318","shipped","a4061a37-7b97-4ab1-9683-8a48fd74ccfe","OUT-2026-02163","shipped","1","1","WH-001/RETURNS","333dfd88-6264-4dae-8f5d-b2bc3b512e7e","AIRCOOLING1:1","2","1","3","0","0","outbound_orders:a4061a37-7b97-4ab1-9683-8a48fd74ccfe; outbound_order_lines (cascade); stock_reservations x2 (cascade); carrier_shipments / bulk_shipping_job_items (cascade); workflow_instances x1; warehouse_tasks x3; documents x0; order_manual_charges x0"
"OMS-2026-00071","SAFE","","af30a4fb-232d-46a0-9e99-c4484143fcf8","shipped","66fa0a53-8808-4216-9629-610ba2f5c8af","OUT-2026-02164","shipped","1","1","WH-001/RETURNS","333dfd88-6264-4dae-8f5d-b2bc3b512e7e","AIRCOOLING1:1","2","1","3","0","0","outbound_orders:66fa0a53-8808-4216-9629-610ba2f5c8af; outbound_order_lines (cascade); stock_reservations x2 (cascade); carrier_shipments / bulk_shipping_job_items (cascade); workflow_instances x1; warehouse_tasks x3; documents x0; order_manual_charges x0"
"OMS-2026-00072","SAFE","","0f8535f2-c126-49a7-b0e0-753d9cf7c19b","shipped","0a4f791c-9e8c-4122-96a6-4b10ea1cbe9f","OUT-2026-02165","shipped","1","1","WH-001/RETURNS","333dfd88-6264-4dae-8f5d-b2bc3b512e7e","AIRCOOLING1:1","2","1","3","0","0","outbound_orders:0a4f791c-9e8c-4122-96a6-4b10ea1cbe9f; outbound_order_lines (cascade); stock_reservations x2 (cascade); carrier_shipments / bulk_shipping_job_items (cascade); workflow_instances x1; warehouse_tasks x3; documents x0; order_manual_charges x0"
"OMS-2026-00075","SAFE","","122cd854-5294-4d9c-8f55-a6b149a7df92","shipped","4d59b320-e973-4d0b-9089-f71789c5db5c","OUT-2026-02166","shipped","1","1","WH-001/RETURNS","333dfd88-6264-4dae-8f5d-b2bc3b512e7e","AIRCOOLING1:1","2","1","3","0","0","outbound_orders:4d59b320-e973-4d0b-9089-f71789c5db5c; outbound_order_lines (cascade); stock_reservations x2 (cascade); carrier_shipments / bulk_shipping_job_items (cascade); workflow_instances x1; warehouse_tasks x3; documents x0; order_manual_charges x0"
"OMS-2026-00076","SAFE","","6c0cbaae-147c-404a-b756-e48eea66ac33","shipped","ab27be2e-93f0-4832-b5cc-8ce557976210","OUT-2026-02167","shipped","1","1","WH-001/RETURNS","333dfd88-6264-4dae-8f5d-b2bc3b512e7e","AIRCOOLING1:1","2","1","3","0","0","outbound_orders:ab27be2e-93f0-4832-b5cc-8ce557976210; outbound_order_lines (cascade); stock_reservations x2 (cascade); carrier_shipments / bulk_shipping_job_items (cascade); workflow_instances x1; warehouse_tasks x3; documents x0; order_manual_charges x0"
"OMS-2026-00077","SAFE","","0800dfab-c49c-4ef5-a137-0b4f18ef77ac","shipped","7c587dd6-8658-4597-9869-371636500a56","OUT-2026-02168","shipped","1","1","WH-001/RETURNS","333dfd88-6264-4dae-8f5d-b2bc3b512e7e","AIRCOOLING1:1","2","1","3","0","0","outbound_orders:7c587dd6-8658-4597-9869-371636500a56; outbound_order_lines (cascade); stock_reservations x2 (cascade); carrier_shipments / bulk_shipping_job_items (cascade); workflow_instances x1; warehouse_tasks x3; documents x0; order_manual_charges x0"
"OMS-2026-00078","SAFE","","32c0edbf-725e-442c-855a-b11c863d3e4c","shipped","cf96f16d-ae3a-4e25-afdc-64bfcbbd0b08","OUT-2026-02169","shipped","1","1","WH-001/RETURNS","333dfd88-6264-4dae-8f5d-b2bc3b512e7e","AIRCOOLING1:1","2","1","3","0","0","outbound_orders:cf96f16d-ae3a-4e25-afdc-64bfcbbd0b08; outbound_order_lines (cascade); stock_reservations x2 (cascade); carrier_shipments / bulk_shipping_job_items (cascade); workflow_instances x1; warehouse_tasks x3; documents x0; order_manual_charges x0"
"OMS-2026-00079","SAFE","","64a96d45-cb29-4bea-8e35-02d7f6c90261","shipped","355a4da7-8177-4722-8561-6e7b26f1a445","OUT-2026-02170","shipped","1","1","WH-001/RETURNS","333dfd88-6264-4dae-8f5d-b2bc3b512e7e","AIRCOOLING1:1","2","1","3","0","0","outbound_orders:355a4da7-8177-4722-8561-6e7b26f1a445; outbound_order_lines (cascade); stock_reservations x2 (cascade); carrier_shipments / bulk_shipping_job_items (cascade); workflow_instances x1; warehouse_tasks x3; documents x0; order_manual_charges x0"
"OMS-2026-00080","SAFE","","a67e7337-3bf4-41df-83b7-00b04cde3f3f","shipped","522ad965-160e-41f6-9118-7f9cda2a1a00","OUT-2026-02171","shipped","1","1","WH-001/RETURNS","333dfd88-6264-4dae-8f5d-b2bc3b512e7e","AIRCOOLING1:1","2","1","3","0","0","outbound_orders:522ad965-160e-41f6-9118-7f9cda2a1a00; outbound_order_lines (cascade); stock_reservations x2 (cascade); carrier_shipments / bulk_shipping_job_items (cascade); workflow_instances x1; warehouse_tasks x3; documents x0; order_manual_charges x0"
"OMS-2026-00081","SAFE","","0944e317-30ba-4211-ab13-00eb3ca8f30c","shipped","f7369135-b1f9-4247-9173-a74a82a61845","OUT-2026-02172","shipped","1","1","WH-001/RETURNS","333dfd88-6264-4dae-8f5d-b2bc3b512e7e","AIRCOOLING1:1","2","1","3","0","0","outbound_orders:f7369135-b1f9-4247-9173-a74a82a61845; outbound_order_lines (cascade); stock_reservations x2 (cascade); carrier_shipments / bulk_shipping_job_items (cascade); workflow_instances x1; warehouse_tasks x3; documents x0; order_manual_charges x0"
"OMS-2026-00084","SAFE","","d9730696-03e9-45df-aedb-f1bf253b85bc","shipped","0adc8504-5b09-4c0e-84d0-42044265e229","OUT-2026-02173","shipped","1","1","WH-001/RETURNS","333dfd88-6264-4dae-8f5d-b2bc3b512e7e","AIRCOOLING1:1","2","1","3","0","0","outbound_orders:0adc8504-5b09-4c0e-84d0-42044265e229; outbound_order_lines (cascade); stock_reservations x2 (cascade); carrier_shipments / bulk_shipping_job_items (cascade); workflow_instances x1; warehouse_tasks x3; documents x0; order_manual_charges x0"
"OMS-2026-00085","SAFE","","f9e7a98f-ee14-4c88-a17a-fdd3d945240e","shipped","27435c1d-87ea-4164-8e22-e21c1a9ba3d6","OUT-2026-02174","shipped","1","1","WH-001/RETURNS","333dfd88-6264-4dae-8f5d-b2bc3b512e7e","AIRCOOLING1:1","2","1","3","0","0","outbound_orders:27435c1d-87ea-4164-8e22-e21c1a9ba3d6; outbound_order_lines (cascade); stock_reservations x2 (cascade); carrier_shipments / bulk_shipping_job_items (cascade); workflow_instances x1; warehouse_tasks x3; documents x0; order_manual_charges x0"
"OMS-2026-00086","SAFE","","30237992-f3e4-4658-a4cf-dd32a5e89452","shipped","fe1f6cc5-511e-4d77-a603-e0d44be6e025","OUT-2026-02175","shipped","1","1","WH-001/RETURNS","333dfd88-6264-4dae-8f5d-b2bc3b512e7e","AIRCOOLING1:1","2","1","3","0","0","outbound_orders:fe1f6cc5-511e-4d77-a603-e0d44be6e025; outbound_order_lines (cascade); stock_reservations x2 (cascade); carrier_shipments / bulk_shipping_job_items (cascade); workflow_instances x1; warehouse_tasks x3; documents x0; order_manual_charges x0"
"OMS-2026-00087","SAFE","","2fdf5484-dc01-4da8-b321-85a11499c00d","shipped","6c029d43-0583-412e-99f0-38d2f8864f43","OUT-2026-02176","shipped","1","1","WH-001/RETURNS","333dfd88-6264-4dae-8f5d-b2bc3b512e7e","AIRCOOLING1:1","2","1","3","0","0","outbound_orders:6c029d43-0583-412e-99f0-38d2f8864f43; outbound_order_lines (cascade); stock_reservations x2 (cascade); carrier_shipments / bulk_shipping_job_items (cascade); workflow_instances x1; warehouse_tasks x3; documents x0; order_manual_charges x0"
"OMS-2026-00088","SAFE","","0a6ece61-af84-429a-b095-8f6964c6896d","shipped","4f0cb789-9d5c-4d56-b95e-d6ce677069dd","OUT-2026-02177","shipped","1","1","WH-001/RETURNS","333dfd88-6264-4dae-8f5d-b2bc3b512e7e","AIRCOOLING1:1","2","1","3","0","0","outbound_orders:4f0cb789-9d5c-4d56-b95e-d6ce677069dd; outbound_order_lines (cascade); stock_reservations x2 (cascade); carrier_shipments / bulk_shipping_job_items (cascade); workflow_instances x1; warehouse_tasks x3; documents x0; order_manual_charges x0"
"OMS-2026-00095","SAFE","","ff1eae73-8ec9-4f0e-9506-9134d94548d5","shipped","8c278f86-d2f6-4114-8172-4185faab4476","OUT-2026-02178","shipped","1","1","WH-001/RETURNS","333dfd88-6264-4dae-8f5d-b2bc3b512e7e","AIRCOOLING1:1","2","1","3","0","0","outbound_orders:8c278f86-d2f6-4114-8172-4185faab4476; outbound_order_lines (cascade); stock_reservations x2 (cascade); carrier_shipments / bulk_shipping_job_items (cascade); workflow_instances x1; warehouse_tasks x3; documents x0; order_manual_charges x0"
"OMS-2026-00101","SAFE","","77a7d78f-20ca-49fa-ae7e-3dce8b3cdcc4","shipped","897cbd1a-fdf8-4a79-b013-e3ee91367d74","OUT-2026-02179","shipped","1","1","WH-001/RETURNS","333dfd88-6264-4dae-8f5d-b2bc3b512e7e","AIRCOOLING1:1","2","1","3","0","0","outbound_orders:897cbd1a-fdf8-4a79-b013-e3ee91367d74; outbound_order_lines (cascade); stock_reservations x2 (cascade); carrier_shipments / bulk_shipping_job_items (cascade); workflow_instances x1; warehouse_tasks x3; documents x0; order_manual_charges x0"
"OMS-2026-00104","SAFE","","4c9fcbce-6a36-4563-b30d-88645abbffd0","shipped","dbab292f-90da-421b-89b9-d50494271b54","OUT-2026-02180","shipped","1","1","WH-001/RETURNS","333dfd88-6264-4dae-8f5d-b2bc3b512e7e","AIRCOOLING1:1","2","1","3","0","0","outbound_orders:dbab292f-90da-421b-89b9-d50494271b54; outbound_order_lines (cascade); stock_reservations x2 (cascade); carrier_shipments / bulk_shipping_job_items (cascade); workflow_instances x1; warehouse_tasks x3; documents x0; order_manual_charges x0"
"OMS-2026-00107","SAFE","","2445277e-0132-4775-a1cb-18eb76ecfa82","shipped","e895f5c6-0d73-4e7d-9f7c-6ee4ba2e3ce2","OUT-2026-02181","shipped","1","1","WH-001/RETURNS","333dfd88-6264-4dae-8f5d-b2bc3b512e7e","AIRCOOLING1:1","2","1","3","0","0","outbound_orders:e895f5c6-0d73-4e7d-9f7c-6ee4ba2e3ce2; outbound_order_lines (cascade); stock_reservations x2 (cascade); carrier_shipments / bulk_shipping_job_items (cascade); workflow_instances x1; warehouse_tasks x3; documents x0; order_manual_charges x0"
"OMS-2026-00110","SAFE","","869ad54f-5bd8-4e24-9d3b-0a161fdd3934","shipped","399c1777-f56d-445f-ad46-be19e80eb23a","OUT-2026-02182","shipped","1","1","WH-001/RETURNS","333dfd88-6264-4dae-8f5d-b2bc3b512e7e","AIRCOOLING1:1","2","1","3","0","0","outbound_orders:399c1777-f56d-445f-ad46-be19e80eb23a; outbound_order_lines (cascade); stock_reservations x2 (cascade); carrier_shipments / bulk_shipping_job_items (cascade); workflow_instances x1; warehouse_tasks x3; documents x0; order_manual_charges x0"
"OMS-2026-00111","SAFE","","ee2bbd56-3cd2-4209-b173-b976c16cbd19","shipped","ded91caf-cfe9-4c06-b667-5ea41c8a716b","OUT-2026-02183","shipped","1","1","WH-001/RETURNS","333dfd88-6264-4dae-8f5d-b2bc3b512e7e","AIRCOOLING1:1","2","1","3","0","0","outbound_orders:ded91caf-cfe9-4c06-b667-5ea41c8a716b; outbound_order_lines (cascade); stock_reservations x2 (cascade); carrier_shipments / bulk_shipping_job_items (cascade); workflow_instances x1; warehouse_tasks x3; documents x0; order_manual_charges x0"
"OMS-2026-00113","SAFE","","63a57e25-2733-4759-a61a-c0ccdcf301ff","shipped","62736b16-fa96-43fa-aeb8-ebe17c78bf9c","OUT-2026-02184","shipped","1","1","WH-001/RETURNS","333dfd88-6264-4dae-8f5d-b2bc3b512e7e","AIRCOOLING1:1","2","1","3","0","0","outbound_orders:62736b16-fa96-43fa-aeb8-ebe17c78bf9c; outbound_order_lines (cascade); stock_reservations x2 (cascade); carrier_shipments / bulk_shipping_job_items (cascade); workflow_instances x1; warehouse_tasks x3; documents x0; order_manual_charges x0"
"OMS-2026-00116","SAFE","","40ecea04-abd1-46aa-bb23-5cfe57fae8bb","shipped","72b693f7-7b04-4b2f-a5d5-ae7d4fa21f03","OUT-2026-02185","shipped","1","1","WH-001/RETURNS","333dfd88-6264-4dae-8f5d-b2bc3b512e7e","AIRCOOLING1:1","2","1","3","0","0","outbound_orders:72b693f7-7b04-4b2f-a5d5-ae7d4fa21f03; outbound_order_lines (cascade); stock_reservations x2 (cascade); carrier_shipments / bulk_shipping_job_items (cascade); workflow_instances x1; warehouse_tasks x3; documents x0; order_manual_charges x0"
"OMS-2026-00117","SAFE","","f8a52d91-754b-451e-a76e-a349a2045645","shipped","f4130d5f-618d-4968-be63-52c58f61a7f0","OUT-2026-02186","shipped","1","1","WH-001/RETURNS","333dfd88-6264-4dae-8f5d-b2bc3b512e7e","AIRCOOLING1:1","2","1","3","0","0","outbound_orders:f4130d5f-618d-4968-be63-52c58f61a7f0; outbound_order_lines (cascade); stock_reservations x2 (cascade); carrier_shipments / bulk_shipping_job_items (cascade); workflow_instances x1; warehouse_tasks x3; documents x0; order_manual_charges x0"
"OMS-2026-00119","SAFE","","4e47424e-b145-49a2-a55d-8c04af494110","shipped","f07331c3-2f26-4c42-b77c-8b7fb71ff54c","OUT-2026-02187","shipped","1","1","WH-001/RETURNS","333dfd88-6264-4dae-8f5d-b2bc3b512e7e","AIRCOOLING1:1","2","1","3","0","0","outbound_orders:f07331c3-2f26-4c42-b77c-8b7fb71ff54c; outbound_order_lines (cascade); stock_reservations x2 (cascade); carrier_shipments / bulk_shipping_job_items (cascade); workflow_instances x1; warehouse_tasks x3; documents x0; order_manual_charges x0"
"OMS-2026-00120","SAFE","","1cd6846d-9c9a-47d1-8165-806b8c7ea26a","shipped","db3d0210-6305-42ec-94ab-9db6b173f32a","OUT-2026-02188","shipped","1","1","WH-001/RETURNS","333dfd88-6264-4dae-8f5d-b2bc3b512e7e","AIRCOOLING1:1","2","1","3","0","0","outbound_orders:db3d0210-6305-42ec-94ab-9db6b173f32a; outbound_order_lines (cascade); stock_reservations x2 (cascade); carrier_shipments / bulk_shipping_job_items (cascade); workflow_instances x1; warehouse_tasks x3; documents x0; order_manual_charges x0"
"OMS-2026-00122","SAFE","","ba1e7c85-493e-47f2-b17a-99467760d778","shipped","fd2e2d03-3f29-400b-9be3-52b5c48904f9","OUT-2026-02189","shipped","1","1","WH-001/RETURNS","333dfd88-6264-4dae-8f5d-b2bc3b512e7e","AIRCOOLING1:1","2","1","3","0","0","outbound_orders:fd2e2d03-3f29-400b-9be3-52b5c48904f9; outbound_order_lines (cascade); stock_reservations x2 (cascade); carrier_shipments / bulk_shipping_job_items (cascade); workflow_instances x1; warehouse_tasks x3; documents x0; order_manual_charges x0"
"OMS-2026-00125","SAFE","","d2d3c615-48c8-48b4-8143-9a040dc293b7","shipped","d38233cb-538b-457e-a88f-bdd2f969c408","OUT-2026-02190","shipped","1","1","WH-001/RETURNS","333dfd88-6264-4dae-8f5d-b2bc3b512e7e","AIRCOOLING1:1","2","1","3","0","0","outbound_orders:d38233cb-538b-457e-a88f-bdd2f969c408; outbound_order_lines (cascade); stock_reservations x2 (cascade); carrier_shipments / bulk_shipping_job_items (cascade); workflow_instances x1; warehouse_tasks x3; documents x0; order_manual_charges x0"
"OMS-2026-00127","SAFE","","779da0db-024a-4080-b9d0-2d7a9faeeed2","shipped","8068a233-fcf5-4018-a30a-eafb946f2ff3","OUT-2026-02191","shipped","1","1","WH-001/RETURNS","333dfd88-6264-4dae-8f5d-b2bc3b512e7e","AIRCOOLING1:1","2","1","3","0","0","outbound_orders:8068a233-fcf5-4018-a30a-eafb946f2ff3; outbound_order_lines (cascade); stock_reservations x2 (cascade); carrier_shipments / bulk_shipping_job_items (cascade); workflow_instances x1; warehouse_tasks x3; documents x0; order_manual_charges x0"
"OMS-2026-00128","SAFE","","7efef7ba-291b-47a5-aac3-ce1b3cdbcf0a","shipped","7c2f2079-2072-429e-a701-8975f571b6e6","OUT-2026-02192","shipped","1","1","WH-001/RETURNS","333dfd88-6264-4dae-8f5d-b2bc3b512e7e","AIRCOOLING1:1","2","1","3","0","0","outbound_orders:7c2f2079-2072-429e-a701-8975f571b6e6; outbound_order_lines (cascade); stock_reservations x2 (cascade); carrier_shipments / bulk_shipping_job_items (cascade); workflow_instances x1; warehouse_tasks x3; documents x0; order_manual_charges x0"
"OMS-2026-00130","SAFE","","16fb77d7-1330-4651-8e91-9f2e2d07e2af","shipped","d8f6eb8a-34b8-43a0-9d94-0176e23f707c","OUT-2026-02193","shipped","1","1","WH-001/RETURNS","333dfd88-6264-4dae-8f5d-b2bc3b512e7e","AIRCOOLING1:1","2","1","3","0","0","outbound_orders:d8f6eb8a-34b8-43a0-9d94-0176e23f707c; outbound_order_lines (cascade); stock_reservations x2 (cascade); carrier_shipments / bulk_shipping_job_items (cascade); workflow_instances x1; warehouse_tasks x3; documents x0; order_manual_charges x0"
"OMS-2026-00131","SAFE","","af0249d4-d6e9-4357-8e80-095cb2f14400","shipped","f26e0504-99fc-4a1a-8ec4-f0339b5ea0c9","OUT-2026-02194","shipped","1","1","WH-001/RETURNS","333dfd88-6264-4dae-8f5d-b2bc3b512e7e","AIRCOOLING1:1","2","1","3","0","0","outbound_orders:f26e0504-99fc-4a1a-8ec4-f0339b5ea0c9; outbound_order_lines (cascade); stock_reservations x2 (cascade); carrier_shipments / bulk_shipping_job_items (cascade); workflow_instances x1; warehouse_tasks x3; documents x0; order_manual_charges x0"
"OMS-2026-00132","SAFE","","a34729b3-d5b2-4eb9-bb54-b055f8dced79","shipped","e601cc70-4a6b-4896-a53f-b30cc3bd11d6","OUT-2026-02195","shipped","1","1","WH-001/RETURNS","333dfd88-6264-4dae-8f5d-b2bc3b512e7e","AIRCOOLING1:1","2","1","3","0","0","outbound_orders:e601cc70-4a6b-4896-a53f-b30cc3bd11d6; outbound_order_lines (cascade); stock_reservations x2 (cascade); carrier_shipments / bulk_shipping_job_items (cascade); workflow_instances x1; warehouse_tasks x3; documents x0; order_manual_charges x0"
"OMS-2026-00133","SAFE","","2eff47aa-6ab1-4872-9028-9fe8f77b12c0","shipped","d511dc60-f098-4457-9f3b-ca539b8de55b","OUT-2026-02196","shipped","1","1","WH-001/RETURNS","333dfd88-6264-4dae-8f5d-b2bc3b512e7e","AIRCOOLING1:1","2","1","3","0","0","outbound_orders:d511dc60-f098-4457-9f3b-ca539b8de55b; outbound_order_lines (cascade); stock_reservations x2 (cascade); carrier_shipments / bulk_shipping_job_items (cascade); workflow_instances x1; warehouse_tasks x3; documents x0; order_manual_charges x0"
"OMS-2026-00134","SAFE","","19ec3f7a-df00-4d5a-b9b7-17b2d852b8fb","shipped","ed032c2e-b607-41ab-a336-972c56cde8a5","OUT-2026-02197","shipped","1","1","WH-001/RETURNS","333dfd88-6264-4dae-8f5d-b2bc3b512e7e","AIRCOOLING1:1","2","1","3","0","0","outbound_orders:ed032c2e-b607-41ab-a336-972c56cde8a5; outbound_order_lines (cascade); stock_reservations x2 (cascade); carrier_shipments / bulk_shipping_job_items (cascade); workflow_instances x1; warehouse_tasks x3; documents x0; order_manual_charges x0"
"OMS-2026-00135","SAFE","","4abfeb08-862e-40a7-a0cc-88c9bc0d0755","shipped","dd495a2e-97fb-4949-a7df-b538f2bc1f14","OUT-2026-02198","shipped","1","1","WH-001/RETURNS","333dfd88-6264-4dae-8f5d-b2bc3b512e7e","AIRCOOLING1:1","2","1","3","0","0","outbound_orders:dd495a2e-97fb-4949-a7df-b538f2bc1f14; outbound_order_lines (cascade); stock_reservations x2 (cascade); carrier_shipments / bulk_shipping_job_items (cascade); workflow_instances x1; warehouse_tasks x3; documents x0; order_manual_charges x0"
"OMS-2026-00136","SAFE","","07900bab-b028-4ee2-9282-f924485df795","shipped","44fd2815-0b0f-4427-906c-dcfb3148ddec","OUT-2026-02199","shipped","1","1","WH-001/RETURNS","333dfd88-6264-4dae-8f5d-b2bc3b512e7e","AIRCOOLING1:1","2","1","3","0","0","outbound_orders:44fd2815-0b0f-4427-906c-dcfb3148ddec; outbound_order_lines (cascade); stock_reservations x2 (cascade); carrier_shipments / bulk_shipping_job_items (cascade); workflow_instances x1; warehouse_tasks x3; documents x0; order_manual_charges x0"
"OMS-2026-00137","SAFE","","8be64285-0a03-4f9a-8df7-eb5af28e4341","shipped","b8b7a96f-0c7b-4f3c-b3c8-b749d575f56e","OUT-2026-02200","shipped","1","1","WH-001/RETURNS","333dfd88-6264-4dae-8f5d-b2bc3b512e7e","AIRCOOLING1:1","2","1","3","0","0","outbound_orders:b8b7a96f-0c7b-4f3c-b3c8-b749d575f56e; outbound_order_lines (cascade); stock_reservations x2 (cascade); carrier_shipments / bulk_shipping_job_items (cascade); workflow_instances x1; warehouse_tasks x3; documents x0; order_manual_charges x0"
"OMS-2026-00139","SAFE","","79d83ce5-8268-4877-b642-14463a6ae91d","shipped","785891b6-9d81-4fd0-96a8-3f01d8cef64e","OUT-2026-02201","shipped","1","1","WH-001/RETURNS","333dfd88-6264-4dae-8f5d-b2bc3b512e7e","AIRCOOLING1:1","2","1","3","0","0","outbound_orders:785891b6-9d81-4fd0-96a8-3f01d8cef64e; outbound_order_lines (cascade); stock_reservations x2 (cascade); carrier_shipments / bulk_shipping_job_items (cascade); workflow_instances x1; warehouse_tasks x3; documents x0; order_manual_charges x0"
"OMS-2026-00140","SAFE","","e69ae965-2a70-4753-a452-a940a0e14758","shipped","2d011db4-b145-459e-a2a8-5ffb59661aed","OUT-2026-02202","shipped","1","1","WH-001/RETURNS","333dfd88-6264-4dae-8f5d-b2bc3b512e7e","AIRCOOLING1:1","2","1","3","0","0","outbound_orders:2d011db4-b145-459e-a2a8-5ffb59661aed; outbound_order_lines (cascade); stock_reservations x2 (cascade); carrier_shipments / bulk_shipping_job_items (cascade); workflow_instances x1; warehouse_tasks x3; documents x0; order_manual_charges x0"
"OMS-2026-00141","SAFE","","4b56fb7c-41df-4f83-9362-ce761ebf6540","shipped","d2ea1f9c-6220-4096-bcb9-2663c797d3ae","OUT-2026-02203","shipped","1","1","WH-001/RETURNS","333dfd88-6264-4dae-8f5d-b2bc3b512e7e","AIRCOOLING1:1","2","1","3","0","0","outbound_orders:d2ea1f9c-6220-4096-bcb9-2663c797d3ae; outbound_order_lines (cascade); stock_reservations x2 (cascade); carrier_shipments / bulk_shipping_job_items (cascade); workflow_instances x1; warehouse_tasks x3; documents x0; order_manual_charges x0"
"OMS-2026-00142","SAFE","","e07abe53-e3ea-406e-934b-f4428b1d23d4","shipped","31c9f4b5-21e4-483b-a0c7-7aad0d8c9734","OUT-2026-02204","shipped","1","1","WH-001/RETURNS","333dfd88-6264-4dae-8f5d-b2bc3b512e7e","AIRCOOLING1:1","2","1","3","0","0","outbound_orders:31c9f4b5-21e4-483b-a0c7-7aad0d8c9734; outbound_order_lines (cascade); stock_reservations x2 (cascade); carrier_shipments / bulk_shipping_job_items (cascade); workflow_instances x1; warehouse_tasks x3; documents x0; order_manual_charges x0"
"OMS-2026-00143","SAFE","","b4bbf10d-8283-4d7a-976f-d14e99aa291b","shipped","7dee215c-beba-48e1-b703-1d8f445667ee","OUT-2026-02205","shipped","1","1","WH-001/RETURNS","333dfd88-6264-4dae-8f5d-b2bc3b512e7e","AIRCOOLING1:1","2","1","3","0","0","outbound_orders:7dee215c-beba-48e1-b703-1d8f445667ee; outbound_order_lines (cascade); stock_reservations x2 (cascade); carrier_shipments / bulk_shipping_job_items (cascade); workflow_instances x1; warehouse_tasks x3; documents x0; order_manual_charges x0"
"OMS-2026-00145","SAFE","","06318ffb-e043-4156-a0a0-e860b3d6cfea","shipped","15038bf0-d8c2-41d5-9a4a-30b12c7bec39","OUT-2026-02206","shipped","1","1","WH-001/RETURNS","333dfd88-6264-4dae-8f5d-b2bc3b512e7e","AIRCOOLING1:1","2","1","3","0","0","outbound_orders:15038bf0-d8c2-41d5-9a4a-30b12c7bec39; outbound_order_lines (cascade); stock_reservations x2 (cascade); carrier_shipments / bulk_shipping_job_items (cascade); workflow_instances x1; warehouse_tasks x3; documents x0; order_manual_charges x0"
"OMS-2026-00146","SAFE","","77b12046-9920-4cb2-a793-6d0794ab7874","shipped","3d05829b-8d57-48a9-a8a6-860cb7f00e04","OUT-2026-02207","shipped","1","1","WH-001/RETURNS","333dfd88-6264-4dae-8f5d-b2bc3b512e7e","AIRCOOLING1:1","2","1","3","0","0","outbound_orders:3d05829b-8d57-48a9-a8a6-860cb7f00e04; outbound_order_lines (cascade); stock_reservations x2 (cascade); carrier_shipments / bulk_shipping_job_items (cascade); workflow_instances x1; warehouse_tasks x3; documents x0; order_manual_charges x0"
"OMS-2026-00147","SAFE","","3a7da91a-3f63-4351-a53c-5da3a2cb0fa9","shipped","35d374d3-bd31-4c8a-8bb3-06d5aa0da025","OUT-2026-02208","shipped","1","1","WH-001/RETURNS","333dfd88-6264-4dae-8f5d-b2bc3b512e7e","AIRCOOLING1:1","2","1","3","0","0","outbound_orders:35d374d3-bd31-4c8a-8bb3-06d5aa0da025; outbound_order_lines (cascade); stock_reservations x2 (cascade); carrier_shipments / bulk_shipping_job_items (cascade); workflow_instances x1; warehouse_tasks x3; documents x0; order_manual_charges x0"
"OMS-2026-00154","SAFE","","76c4b64e-08bc-4fac-b540-951218773cff","shipped","3fe51d7f-ebfd-4535-8a3f-19f4bbca0b1e","OUT-2026-02209","shipped","1","1","WH-001/RETURNS","333dfd88-6264-4dae-8f5d-b2bc3b512e7e","AIRCOOLING1:1","2","1","3","0","0","outbound_orders:3fe51d7f-ebfd-4535-8a3f-19f4bbca0b1e; outbound_order_lines (cascade); stock_reservations x2 (cascade); carrier_shipments / bulk_shipping_job_items (cascade); workflow_instances x1; warehouse_tasks x3; documents x0; order_manual_charges x0"
"OMS-2026-00156","SAFE","","2bbd480e-b3cd-4142-a167-44febdc62218","shipped","cef91534-3f86-41ee-bf9e-de2941960fe0","OUT-2026-02210","shipped","1","1","WH-001/RETURNS","333dfd88-6264-4dae-8f5d-b2bc3b512e7e","AIRCOOLING1:1","2","1","3","0","0","outbound_orders:cef91534-3f86-41ee-bf9e-de2941960fe0; outbound_order_lines (cascade); stock_reservations x2 (cascade); carrier_shipments / bulk_shipping_job_items (cascade); workflow_instances x1; warehouse_tasks x3; documents x0; order_manual_charges x0"
"OMS-2026-00158","SAFE","","627ed116-d490-44f3-b01f-ef5c4ab78e25","shipped","0e1f90d3-a345-409a-a188-1d59efb743bf","OUT-2026-02211","shipped","1","1","WH-001/RETURNS","333dfd88-6264-4dae-8f5d-b2bc3b512e7e","AIRCOOLING1:1","2","1","3","0","0","outbound_orders:0e1f90d3-a345-409a-a188-1d59efb743bf; outbound_order_lines (cascade); stock_reservations x2 (cascade); carrier_shipments / bulk_shipping_job_items (cascade); workflow_instances x1; warehouse_tasks x3; documents x0; order_manual_charges x0"
"OMS-2026-00160","SAFE","","8f371010-12d6-4f40-8a96-04cfc519b8a7","shipped","93850519-0a2c-401b-a02c-b09153a69a5e","OUT-2026-02212","shipped","1","1","WH-001/RETURNS","333dfd88-6264-4dae-8f5d-b2bc3b512e7e","AIRCOOLING1:1","2","1","3","0","0","outbound_orders:93850519-0a2c-401b-a02c-b09153a69a5e; outbound_order_lines (cascade); stock_reservations x2 (cascade); carrier_shipments / bulk_shipping_job_items (cascade); workflow_instances x1; warehouse_tasks x3; documents x0; order_manual_charges x0"
"OMS-2026-00161","SAFE","","ecf0fd68-70b9-4a3d-99f5-c7920fbd2ae2","shipped","5dade59e-672e-4612-b8f7-1baf3de7af1c","OUT-2026-02213","shipped","1","1","WH-001/RETURNS","333dfd88-6264-4dae-8f5d-b2bc3b512e7e","AIRCOOLING1:1","2","1","3","0","0","outbound_orders:5dade59e-672e-4612-b8f7-1baf3de7af1c; outbound_order_lines (cascade); stock_reservations x2 (cascade); carrier_shipments / bulk_shipping_job_items (cascade); workflow_instances x1; warehouse_tasks x3; documents x0; order_manual_charges x0"
"OMS-2026-00164","SAFE","","a14e2134-97b2-4cfa-a633-648c1aff5f90","shipped","e0196bae-0d2f-42d5-b14e-83af9ea1c648","OUT-2026-02214","shipped","1","1","WH-001/RETURNS","333dfd88-6264-4dae-8f5d-b2bc3b512e7e","AIRCOOLING1:1","2","1","3","0","0","outbound_orders:e0196bae-0d2f-42d5-b14e-83af9ea1c648; outbound_order_lines (cascade); stock_reservations x2 (cascade); carrier_shipments / bulk_shipping_job_items (cascade); workflow_instances x1; warehouse_tasks x3; documents x0; order_manual_charges x0"
"OMS-2026-00165","SAFE","","ffe8f648-7193-4294-85d3-cb1da911449d","shipped","ed29ff71-9196-427e-a240-88b89ba33ab9","OUT-2026-02215","shipped","1","1","WH-001/RETURNS","60142597-7a4b-40e9-8b25-990ba078b9bd","AIRCOOLING1:1","2","1","3","0","0","outbound_orders:ed29ff71-9196-427e-a240-88b89ba33ab9; outbound_order_lines (cascade); stock_reservations x2 (cascade); carrier_shipments / bulk_shipping_job_items (cascade); workflow_instances x1; warehouse_tasks x3; documents x0; order_manual_charges x0"
"OMS-2026-00170","SAFE","","1f9eed84-724a-46c1-b226-221ebede6c39","shipped","0a19001c-9ebb-4075-8183-8715eaf73c05","OUT-2026-02216","shipped","1","1","WH-001/RETURNS","60142597-7a4b-40e9-8b25-990ba078b9bd","AIRCOOLING1:1","2","1","3","0","0","outbound_orders:0a19001c-9ebb-4075-8183-8715eaf73c05; outbound_order_lines (cascade); stock_reservations x2 (cascade); carrier_shipments / bulk_shipping_job_items (cascade); workflow_instances x1; warehouse_tasks x3; documents x0; order_manual_charges x0"
"OMS-2026-00171","SAFE","","92b6aecd-affa-40a4-99b7-4061d32cb829","shipped","321eafd8-68e3-4bb9-9ccf-73e2485c4bbd","OUT-2026-02217","shipped","1","1","WH-001/RETURNS","60142597-7a4b-40e9-8b25-990ba078b9bd","AIRCOOLING1:1","2","1","3","0","0","outbound_orders:321eafd8-68e3-4bb9-9ccf-73e2485c4bbd; outbound_order_lines (cascade); stock_reservations x2 (cascade); carrier_shipments / bulk_shipping_job_items (cascade); workflow_instances x1; warehouse_tasks x3; documents x0; order_manual_charges x0"
"OMS-2026-00177","SAFE","","e2a993cd-a2d3-4104-806e-7847c3d86e96","shipped","02d6f874-031e-4911-ab22-8839d77aac5d","OUT-2026-02218","shipped","1","1","WH-001/RETURNS","60142597-7a4b-40e9-8b25-990ba078b9bd","AIRCOOLING1:1","2","1","3","0","0","outbound_orders:02d6f874-031e-4911-ab22-8839d77aac5d; outbound_order_lines (cascade); stock_reservations x2 (cascade); carrier_shipments / bulk_shipping_job_items (cascade); workflow_instances x1; warehouse_tasks x3; documents x0; order_manual_charges x0"
"OMS-2026-00181","SAFE","","f97e03c8-7d4e-4cfe-860e-13c4ac1bf32e","shipped","ff0d8590-ef35-4080-9939-c0574dc217af","OUT-2026-02219","shipped","1","1","WH-001/RETURNS","60142597-7a4b-40e9-8b25-990ba078b9bd","AIRCOOLING1:1","2","1","3","0","0","outbound_orders:ff0d8590-ef35-4080-9939-c0574dc217af; outbound_order_lines (cascade); stock_reservations x2 (cascade); carrier_shipments / bulk_shipping_job_items (cascade); workflow_instances x1; warehouse_tasks x3; documents x0; order_manual_charges x0"
"OMS-2026-00193","SAFE","","9d49db8e-d7fa-4a0d-b471-353717ced49e","shipped","e01b4228-0c70-4bfc-a203-1967e4f4ae1a","OUT-2026-02220","shipped","1","1","WH-001/RETURNS","60142597-7a4b-40e9-8b25-990ba078b9bd","AIRCOOLING1:1","2","1","3","0","0","outbound_orders:e01b4228-0c70-4bfc-a203-1967e4f4ae1a; outbound_order_lines (cascade); stock_reservations x2 (cascade); carrier_shipments / bulk_shipping_job_items (cascade); workflow_instances x1; warehouse_tasks x3; documents x0; order_manual_charges x0"
"OMS-2026-00294","SAFE","","403664fe-4197-478c-a5af-7037241f47b6","shipped","0afc794e-dbaa-4a3b-b976-306431f27771","OUT-2026-02221","shipped","1","1","WH-001/A/A-01","e15062a0-18d7-4133-9eec-b266be2f0cba","SKU-ZUGSL2-MSBN6ZOA:1","2","1","3","0","0","outbound_orders:0afc794e-dbaa-4a3b-b976-306431f27771; outbound_order_lines (cascade); stock_reservations x2 (cascade); carrier_shipments / bulk_shipping_job_items (cascade); workflow_instances x1; warehouse_tasks x3; documents x0; order_manual_charges x0"
"OMS-2026-00342","SAFE","","cdad2737-706a-4fb0-86fb-85e7abbfb3c2","shipped","7cfaab0d-0e53-438e-949d-9507a0a4a4c2","OUT-2026-02222","shipped","1","1","WH-001/RETURNS","e15062a0-18d7-4133-9eec-b266be2f0cba","SKU-ZUGSL2-MSBN6ZOA:1","2","1","3","0","0","outbound_orders:7cfaab0d-0e53-438e-949d-9507a0a4a4c2; outbound_order_lines (cascade); stock_reservations x2 (cascade); carrier_shipments / bulk_shipping_job_items (cascade); workflow_instances x1; warehouse_tasks x3; documents x0; order_manual_charges x0"
"OMS-2026-00345","SAFE","","0bf1f5a8-910b-433f-9a6a-28f67b323dc2","shipped","bb99216c-c3a0-4350-8ca0-df38284349df","OUT-2026-02223","shipped","1","1","WH-001/A/A-01","e15062a0-18d7-4133-9eec-b266be2f0cba","SKU-ZUGSL2-MSBN6ZOA:1","2","1","3","0","0","outbound_orders:bb99216c-c3a0-4350-8ca0-df38284349df; outbound_order_lines (cascade); stock_reservations x2 (cascade); carrier_shipments / bulk_shipping_job_items (cascade); workflow_instances x1; warehouse_tasks x3; documents x0; order_manual_charges x0"
"OMS-2026-00351","SAFE","","9f854f04-b847-40e2-8873-330706beaae9","shipped","7c409186-cb94-44ef-80dd-8dfee21c219a","OUT-2026-02224","shipped","1","1","WH-001/RETURNS","e15062a0-18d7-4133-9eec-b266be2f0cba","SKU-ZUGSL2-MSBN6ZOA:1","2","1","3","0","0","outbound_orders:7c409186-cb94-44ef-80dd-8dfee21c219a; outbound_order_lines (cascade); stock_reservations x2 (cascade); carrier_shipments / bulk_shipping_job_items (cascade); workflow_instances x1; warehouse_tasks x3; documents x0; order_manual_charges x0"
"OMS-2026-00352","SAFE","","a38c3d9d-4d2e-4425-8637-a74eece23d24","shipped","f3501340-1f5e-4b79-92d0-b7bf10ef91e9","OUT-2026-02225","shipped","1","1","WH-001/A/A-01","e15062a0-18d7-4133-9eec-b266be2f0cba","SKU-ZUGSL2-MSBN6ZOA:1","2","1","3","0","0","outbound_orders:f3501340-1f5e-4b79-92d0-b7bf10ef91e9; outbound_order_lines (cascade); stock_reservations x2 (cascade); carrier_shipments / bulk_shipping_job_items (cascade); workflow_instances x1; warehouse_tasks x3; documents x0; order_manual_charges x0"
"OMS-2026-00356","SAFE","","73b95e53-dce7-4994-a050-4591ce750f25","shipped","7532f7f7-3f27-4727-a86b-5d50f8b03814","OUT-2026-00164","shipped","1","1","WH-001/A/A-01","333dfd88-6264-4dae-8f5d-b2bc3b512e7e","AIRCOOLING1:1","2","1","3","0","0","outbound_orders:7532f7f7-3f27-4727-a86b-5d50f8b03814; outbound_order_lines (cascade); stock_reservations x2 (cascade); carrier_shipments / bulk_shipping_job_items (cascade); workflow_instances x1; warehouse_tasks x3; documents x0; order_manual_charges x0"
"OMS-2026-00359","SAFE","","3d2ec611-3742-486f-9545-4a729df19695","shipped","cb1471c8-4a5b-40d5-80dc-2576ce404f94","OUT-2026-02226","shipped","1","1","WH-001/RETURNS","e15062a0-18d7-4133-9eec-b266be2f0cba","SKU-ZUGSL2-MSBN6ZOA:1","2","1","3","0","0","outbound_orders:cb1471c8-4a5b-40d5-80dc-2576ce404f94; outbound_order_lines (cascade); stock_reservations x2 (cascade); carrier_shipments / bulk_shipping_job_items (cascade); workflow_instances x1; warehouse_tasks x3; documents x0; order_manual_charges x0"
"OMS-2026-00361","SAFE","","875b2ac2-f1e2-4837-934d-abb5b582a1e5","shipped","9b251906-2485-4d6f-814d-db94153114d5","OUT-2026-02227","shipped","1","1","WH-001/A/A-01","e15062a0-18d7-4133-9eec-b266be2f0cba","SKU-ZUGSL2-MSBN6ZOA:1","2","1","3","0","0","outbound_orders:9b251906-2485-4d6f-814d-db94153114d5; outbound_order_lines (cascade); stock_reservations x2 (cascade); carrier_shipments / bulk_shipping_job_items (cascade); workflow_instances x1; warehouse_tasks x3; documents x0; order_manual_charges x0"
"OMS-2026-00367","SAFE","","3ee99767-b654-47d3-b744-a7df21e715a4","shipped","36effbee-1050-4b5f-b484-9ff42ec0b08f","OUT-2026-00166","shipped","1","1","WH-001/A/A-01","333dfd88-6264-4dae-8f5d-b2bc3b512e7e","AIRCOOLING1:1","2","1","3","0","0","outbound_orders:36effbee-1050-4b5f-b484-9ff42ec0b08f; outbound_order_lines (cascade); stock_reservations x2 (cascade); carrier_shipments / bulk_shipping_job_items (cascade); workflow_instances x1; warehouse_tasks x3; documents x0; order_manual_charges x0"
"OMS-2026-00371","SAFE","","60654ade-f97a-418a-a898-b60d479a9d48","shipped","7dc96b0d-6c46-4e0f-ab5c-8460a827ff66","OUT-2026-00155","shipped","1","1","WH-001/A/A-01","333dfd88-6264-4dae-8f5d-b2bc3b512e7e","AIRCOOLING1:1","2","1","3","0","0","outbound_orders:7dc96b0d-6c46-4e0f-ab5c-8460a827ff66; outbound_order_lines (cascade); stock_reservations x2 (cascade); carrier_shipments / bulk_shipping_job_items (cascade); workflow_instances x1; warehouse_tasks x3; documents x0; order_manual_charges x0"
"OMS-2026-00386","SAFE","","33353506-0b0d-49e9-b24c-579b976feb5b","shipped","35ba58c0-3e47-472c-b565-cb5536bfc03a","OUT-2026-02228","shipped","1","1","WH-001/RETURNS","e15062a0-18d7-4133-9eec-b266be2f0cba","SKU-ZUGSL2-MSBN6ZOA:1","2","1","3","0","0","outbound_orders:35ba58c0-3e47-472c-b565-cb5536bfc03a; outbound_order_lines (cascade); stock_reservations x2 (cascade); carrier_shipments / bulk_shipping_job_items (cascade); workflow_instances x1; warehouse_tasks x3; documents x0; order_manual_charges x0"
"OMS-2026-00388","SAFE","","e5ac3f3d-1b23-4af6-a2f2-1600a8cfc61e","shipped","af455909-98bf-4888-8289-a03938b0e8db","OUT-2026-02229","shipped","1","1","WH-001/A/A-01","e15062a0-18d7-4133-9eec-b266be2f0cba","SKU-ZUGSL2-MSBN6ZOA:1","2","1","3","0","0","outbound_orders:af455909-98bf-4888-8289-a03938b0e8db; outbound_order_lines (cascade); stock_reservations x2 (cascade); carrier_shipments / bulk_shipping_job_items (cascade); workflow_instances x1; warehouse_tasks x3; documents x0; order_manual_charges x0"
"OMS-2026-00391","SAFE","","eeb65a0b-c386-44c1-9384-9383db5aa940","shipped","8ac40f6a-7b35-4e77-95c3-874146a7a933","OUT-2026-02230","shipped","1","1","WH-001/RETURNS","e15062a0-18d7-4133-9eec-b266be2f0cba","SKU-ZUGSL2-MSBN6ZOA:1","2","1","3","0","0","outbound_orders:8ac40f6a-7b35-4e77-95c3-874146a7a933; outbound_order_lines (cascade); stock_reservations x2 (cascade); carrier_shipments / bulk_shipping_job_items (cascade); workflow_instances x1; warehouse_tasks x3; documents x0; order_manual_charges x0"
"OMS-2026-00397","SAFE","","7820f9b0-5090-407e-b777-cf0815af309b","shipped","98a1a016-deaa-4dac-965b-5c4007f9bcad","OUT-2026-02231","shipped","1","1","WH-001/A/A-01","e15062a0-18d7-4133-9eec-b266be2f0cba","SKU-ZUGSL2-MSBN6ZOA:1","2","1","3","0","0","outbound_orders:98a1a016-deaa-4dac-965b-5c4007f9bcad; outbound_order_lines (cascade); stock_reservations x2 (cascade); carrier_shipments / bulk_shipping_job_items (cascade); workflow_instances x1; warehouse_tasks x3; documents x0; order_manual_charges x0"
"OMS-2026-00398","SAFE","","fdc012cf-b6dc-454f-88b7-80820dd44000","shipped","34502a3d-b72d-4084-b1b6-b5752f75f96d","OUT-2026-02232","shipped","1","1","WH-001/RETURNS","e15062a0-18d7-4133-9eec-b266be2f0cba","SKU-ZUGSL2-MSBN6ZOA:1","2","1","3","0","0","outbound_orders:34502a3d-b72d-4084-b1b6-b5752f75f96d; outbound_order_lines (cascade); stock_reservations x2 (cascade); carrier_shipments / bulk_shipping_job_items (cascade); workflow_instances x1; warehouse_tasks x3; documents x0; order_manual_charges x0"
"OMS-2026-00401","SAFE","","cc5f9f6f-5a0c-4c89-9745-2837f5da7aaf","shipped","56e1773c-298c-4bf2-8da4-8b788e32b0db","OUT-2026-02233","shipped","1","1","WH-001/A/A-01","e15062a0-18d7-4133-9eec-b266be2f0cba","SKU-ZUGSL2-MSBN6ZOA:1","2","1","3","0","0","outbound_orders:56e1773c-298c-4bf2-8da4-8b788e32b0db; outbound_order_lines (cascade); stock_reservations x2 (cascade); carrier_shipments / bulk_shipping_job_items (cascade); workflow_instances x1; warehouse_tasks x3; documents x0; order_manual_charges x0"
"OMS-2026-00402","SAFE","","5075d126-a597-4eac-9522-72817aab8b9d","shipped","33708a2d-dd24-45e9-9c6b-f4eaa8cad1f7","OUT-2026-02234","shipped","1","1","WH-001/RETURNS","e15062a0-18d7-4133-9eec-b266be2f0cba","SKU-ZUGSL2-MSBN6ZOA:1","2","1","3","0","0","outbound_orders:33708a2d-dd24-45e9-9c6b-f4eaa8cad1f7; outbound_order_lines (cascade); stock_reservations x2 (cascade); carrier_shipments / bulk_shipping_job_items (cascade); workflow_instances x1; warehouse_tasks x3; documents x0; order_manual_charges x0"
"OMS-2026-00404","SAFE","","ec55ae11-e6f9-4547-a524-c1f96c401cd5","shipped","216709d6-145d-453a-a881-8a137d3d9c18","OUT-2026-02235","shipped","1","1","WH-001/A/A-01","e15062a0-18d7-4133-9eec-b266be2f0cba","SKU-ZUGSL2-MSBN6ZOA:1","2","1","3","0","0","outbound_orders:216709d6-145d-453a-a881-8a137d3d9c18; outbound_order_lines (cascade); stock_reservations x2 (cascade); carrier_shipments / bulk_shipping_job_items (cascade); workflow_instances x1; warehouse_tasks x3; documents x0; order_manual_charges x0"
"OMS-2026-00405","SAFE","","f58acf1b-6a4f-46c9-aecf-c4d5776f4b87","shipped","dc068b97-f01b-4ded-9819-c2a65f949cfe","OUT-2026-02236","shipped","1","1","WH-001/RETURNS","e15062a0-18d7-4133-9eec-b266be2f0cba","SKU-ZUGSL2-MSBN6ZOA:1","2","1","3","0","0","outbound_orders:dc068b97-f01b-4ded-9819-c2a65f949cfe; outbound_order_lines (cascade); stock_reservations x2 (cascade); carrier_shipments / bulk_shipping_job_items (cascade); workflow_instances x1; warehouse_tasks x3; documents x0; order_manual_charges x0"
"OMS-2026-00406","SAFE","","3c07554c-9079-40c9-afb8-f20c11b80dd7","shipped","d832fd75-ee48-4953-9a94-48ac7f14fba6","OUT-2026-02237","shipped","1","1","WH-001/A/A-01","e15062a0-18d7-4133-9eec-b266be2f0cba","SKU-ZUGSL2-MSBN6ZOA:1","2","1","3","0","0","outbound_orders:d832fd75-ee48-4953-9a94-48ac7f14fba6; outbound_order_lines (cascade); stock_reservations x2 (cascade); carrier_shipments / bulk_shipping_job_items (cascade); workflow_instances x1; warehouse_tasks x3; documents x0; order_manual_charges x0"
"OMS-2026-00407","SAFE","","67ffbff0-d15c-4c1f-8270-dfde8b96a699","shipped","da74f91b-a288-4835-b810-2aac222c2a93","OUT-2026-02238","shipped","1","1","WH-001/RETURNS","e15062a0-18d7-4133-9eec-b266be2f0cba","SKU-ZUGSL2-MSBN6ZOA:1","2","1","3","0","0","outbound_orders:da74f91b-a288-4835-b810-2aac222c2a93; outbound_order_lines (cascade); stock_reservations x2 (cascade); carrier_shipments / bulk_shipping_job_items (cascade); workflow_instances x1; warehouse_tasks x3; documents x0; order_manual_charges x0"
"OMS-2026-00408","SAFE","","b8fa0738-a30a-4fe1-83ca-e742714a2115","shipped","03023ad2-7136-4775-8b23-6dfaefdb68cc","OUT-2026-02239","shipped","1","1","WH-001/A/A-01","e15062a0-18d7-4133-9eec-b266be2f0cba","SKU-ZUGSL2-MSBN6ZOA:1","2","1","3","0","0","outbound_orders:03023ad2-7136-4775-8b23-6dfaefdb68cc; outbound_order_lines (cascade); stock_reservations x2 (cascade); carrier_shipments / bulk_shipping_job_items (cascade); workflow_instances x1; warehouse_tasks x3; documents x0; order_manual_charges x0"
"OMS-2026-00411","SAFE","","9d972f24-5d34-4e7a-aaba-153b82b890a8","shipped","230b7be8-b00e-43ff-9a18-37ae3240a861","OUT-2026-02240","shipped","1","1","WH-001/RETURNS","e15062a0-18d7-4133-9eec-b266be2f0cba","SKU-ZUGSL2-MSBN6ZOA:1","2","1","3","0","0","outbound_orders:230b7be8-b00e-43ff-9a18-37ae3240a861; outbound_order_lines (cascade); stock_reservations x2 (cascade); carrier_shipments / bulk_shipping_job_items (cascade); workflow_instances x1; warehouse_tasks x3; documents x0; order_manual_charges x0"
"OMS-2026-00412","SAFE","","ea171fce-7e2b-4ee3-90c4-9d4344d270b1","shipped","23376c65-0786-4cb7-b7db-0a3f28ce07f4","OUT-2026-02241","shipped","1","1","WH-001/A/A-01","e15062a0-18d7-4133-9eec-b266be2f0cba","SKU-ZUGSL2-MSBN6ZOA:1","2","1","3","0","0","outbound_orders:23376c65-0786-4cb7-b7db-0a3f28ce07f4; outbound_order_lines (cascade); stock_reservations x2 (cascade); carrier_shipments / bulk_shipping_job_items (cascade); workflow_instances x1; warehouse_tasks x3; documents x0; order_manual_charges x0"
"OMS-2026-00413","SAFE","","ea082fa4-01ee-4bbb-9c68-492dc5132f04","shipped","7fe914d8-b988-4310-b400-216e163062bc","OUT-2026-02242","shipped","1","1","WH-001/RETURNS","e15062a0-18d7-4133-9eec-b266be2f0cba","SKU-ZUGSL2-MSBN6ZOA:1","2","1","3","0","0","outbound_orders:7fe914d8-b988-4310-b400-216e163062bc; outbound_order_lines (cascade); stock_reservations x2 (cascade); carrier_shipments / bulk_shipping_job_items (cascade); workflow_instances x1; warehouse_tasks x3; documents x0; order_manual_charges x0"
"OMS-2026-00414","SAFE","","c487d459-79c3-444b-aa6b-f1815fcf9f87","shipped","077d99fc-47eb-4f12-9f7e-c6356f7482af","OUT-2026-02243","shipped","1","1","WH-001/A/A-01","e15062a0-18d7-4133-9eec-b266be2f0cba","SKU-ZUGSL2-MSBN6ZOA:1","2","1","3","0","0","outbound_orders:077d99fc-47eb-4f12-9f7e-c6356f7482af; outbound_order_lines (cascade); stock_reservations x2 (cascade); carrier_shipments / bulk_shipping_job_items (cascade); workflow_instances x1; warehouse_tasks x3; documents x0; order_manual_charges x0"
"OMS-2026-00416","SAFE","","690e54dd-5dbd-4c16-a5f5-4de2d649beaa","shipped","eebf63a4-9462-4d83-8d24-af70b66da736","OUT-2026-02244","shipped","1","1","WH-001/RETURNS","e15062a0-18d7-4133-9eec-b266be2f0cba","SKU-ZUGSL2-MSBN6ZOA:1","2","1","3","0","0","outbound_orders:eebf63a4-9462-4d83-8d24-af70b66da736; outbound_order_lines (cascade); stock_reservations x2 (cascade); carrier_shipments / bulk_shipping_job_items (cascade); workflow_instances x1; warehouse_tasks x3; documents x0; order_manual_charges x0"
"OMS-2026-00419","SAFE","","8b1382e7-7de8-4c65-b7c3-2b726ca51369","shipped","79404097-fe00-4198-81bf-43819532536d","OUT-2026-02245","shipped","1","1","WH-001/A/A-01","e15062a0-18d7-4133-9eec-b266be2f0cba","SKU-ZUGSL2-MSBN6ZOA:1","2","1","3","0","0","outbound_orders:79404097-fe00-4198-81bf-43819532536d; outbound_order_lines (cascade); stock_reservations x2 (cascade); carrier_shipments / bulk_shipping_job_items (cascade); workflow_instances x1; warehouse_tasks x3; documents x0; order_manual_charges x0"
"OMS-2026-00420","SAFE","","5cbb0c72-b02b-4c04-8ff0-894709fa0887","shipped","bf424d82-cda1-427d-88d8-80fa3e7e5728","OUT-2026-02246","shipped","1","1","WH-001/RETURNS","e15062a0-18d7-4133-9eec-b266be2f0cba","SKU-ZUGSL2-MSBN6ZOA:1","2","1","3","0","0","outbound_orders:bf424d82-cda1-427d-88d8-80fa3e7e5728; outbound_order_lines (cascade); stock_reservations x2 (cascade); carrier_shipments / bulk_shipping_job_items (cascade); workflow_instances x1; warehouse_tasks x3; documents x0; order_manual_charges x0"
"OMS-2026-00421","SAFE","","1d55216f-d75e-4326-b496-13dc14921419","shipped","bf800b93-dd2e-4840-b7bc-82f3216aed8c","OUT-2026-02247","shipped","1","1","WH-001/A/A-01","e15062a0-18d7-4133-9eec-b266be2f0cba","SKU-ZUGSL2-MSBN6ZOA:1","2","1","3","0","0","outbound_orders:bf800b93-dd2e-4840-b7bc-82f3216aed8c; outbound_order_lines (cascade); stock_reservations x2 (cascade); carrier_shipments / bulk_shipping_job_items (cascade); workflow_instances x1; warehouse_tasks x3; documents x0; order_manual_charges x0"
"OMS-2026-00422","SAFE","","b5446221-7f7c-48b8-9081-c5b5728e4dbe","shipped","bd38c21f-a772-413f-808f-f4f993ee562a","OUT-2026-02248","shipped","1","1","WH-001/RETURNS","e15062a0-18d7-4133-9eec-b266be2f0cba","SKU-ZUGSL2-MSBN6ZOA:1","2","1","3","0","0","outbound_orders:bd38c21f-a772-413f-808f-f4f993ee562a; outbound_order_lines (cascade); stock_reservations x2 (cascade); carrier_shipments / bulk_shipping_job_items (cascade); workflow_instances x1; warehouse_tasks x3; documents x0; order_manual_charges x0"
"OMS-2026-00424","SAFE","","df12d526-eb0b-4d3b-805a-6045298b1b2b","shipped","ddcb8b3f-17f3-4f82-9bcd-a6c2095eba41","OUT-2026-02249","shipped","1","1","WH-001/A/A-01","e15062a0-18d7-4133-9eec-b266be2f0cba","SKU-ZUGSL2-MSBN6ZOA:1","2","1","3","0","0","outbound_orders:ddcb8b3f-17f3-4f82-9bcd-a6c2095eba41; outbound_order_lines (cascade); stock_reservations x2 (cascade); carrier_shipments / bulk_shipping_job_items (cascade); workflow_instances x1; warehouse_tasks x3; documents x0; order_manual_charges x0"
"OMS-2026-00425","SAFE","","9bfeed8a-f1a3-4407-a0ae-56fd07c13ddf","shipped","ff9399af-7319-4a46-a55f-61cbcdd54217","OUT-2026-02250","shipped","1","1","WH-001/RETURNS","e15062a0-18d7-4133-9eec-b266be2f0cba","SKU-ZUGSL2-MSBN6ZOA:1","2","1","3","0","0","outbound_orders:ff9399af-7319-4a46-a55f-61cbcdd54217; outbound_order_lines (cascade); stock_reservations x2 (cascade); carrier_shipments / bulk_shipping_job_items (cascade); workflow_instances x1; warehouse_tasks x3; documents x0; order_manual_charges x0"
"OMS-2026-00427","SAFE","","1dea9130-9ac2-4cfe-bf87-ee1d8f7a8a47","shipped","49f1d39c-ec60-4d95-8873-6f1eb4ca8fca","OUT-2026-02251","shipped","1","1","WH-001/A/A-01","e15062a0-18d7-4133-9eec-b266be2f0cba","SKU-ZUGSL2-MSBN6ZOA:1","2","1","3","0","0","outbound_orders:49f1d39c-ec60-4d95-8873-6f1eb4ca8fca; outbound_order_lines (cascade); stock_reservations x2 (cascade); carrier_shipments / bulk_shipping_job_items (cascade); workflow_instances x1; warehouse_tasks x3; documents x0; order_manual_charges x0"
"OMS-2026-00428","SAFE","","228a48fd-6141-4302-a838-2f3d6adee148","shipped","4054417f-ca47-415a-a686-7d8a04bb0569","OUT-2026-02252","shipped","1","1","WH-001/RETURNS","e15062a0-18d7-4133-9eec-b266be2f0cba","SKU-ZUGSL2-MSBN6ZOA:1","2","1","3","0","0","outbound_orders:4054417f-ca47-415a-a686-7d8a04bb0569; outbound_order_lines (cascade); stock_reservations x2 (cascade); carrier_shipments / bulk_shipping_job_items (cascade); workflow_instances x1; warehouse_tasks x3; documents x0; order_manual_charges x0"
"OMS-2026-00429","SAFE","","8eb2664b-f114-487d-bab8-5d8d7814f5f9","shipped","075a476d-cc9a-487e-8db1-4ad8f9bda2ae","OUT-2026-02253","shipped","1","1","WH-001/A/A-01","e15062a0-18d7-4133-9eec-b266be2f0cba","SKU-ZUGSL2-MSBN6ZOA:1","2","1","3","0","0","outbound_orders:075a476d-cc9a-487e-8db1-4ad8f9bda2ae; outbound_order_lines (cascade); stock_reservations x2 (cascade); carrier_shipments / bulk_shipping_job_items (cascade); workflow_instances x1; warehouse_tasks x3; documents x0; order_manual_charges x0"
"OMS-2026-00430","SAFE","","dbda6757-7bbc-4c38-a7cc-4426b693e16b","shipped","a47ed732-6275-407f-b4b1-f506072966c1","OUT-2026-02254","shipped","1","1","WH-001/RETURNS","e15062a0-18d7-4133-9eec-b266be2f0cba","SKU-ZUGSL2-MSBN6ZOA:1","2","1","3","0","0","outbound_orders:a47ed732-6275-407f-b4b1-f506072966c1; outbound_order_lines (cascade); stock_reservations x2 (cascade); carrier_shipments / bulk_shipping_job_items (cascade); workflow_instances x1; warehouse_tasks x3; documents x0; order_manual_charges x0"
"OMS-2026-00431","SAFE","","9e7b9924-e792-476d-afdc-beeee7b44323","shipped","2ca86b67-0649-436d-990b-bc233c0d147a","OUT-2026-02255","shipped","1","1","WH-001/A/A-01","e15062a0-18d7-4133-9eec-b266be2f0cba","SKU-ZUGSL2-MSBN6ZOA:1","2","1","3","0","0","outbound_orders:2ca86b67-0649-436d-990b-bc233c0d147a; outbound_order_lines (cascade); stock_reservations x2 (cascade); carrier_shipments / bulk_shipping_job_items (cascade); workflow_instances x1; warehouse_tasks x3; documents x0; order_manual_charges x0"
"OMS-2026-00432","SAFE","","342eb18a-7673-4d19-a0b9-53f2cae32e84","shipped","d9a4c37b-76fe-48c1-954d-eeef740b3330","OUT-2026-02256","shipped","1","1","WH-001/RETURNS","e15062a0-18d7-4133-9eec-b266be2f0cba","SKU-ZUGSL2-MSBN6ZOA:1","2","1","3","0","0","outbound_orders:d9a4c37b-76fe-48c1-954d-eeef740b3330; outbound_order_lines (cascade); stock_reservations x2 (cascade); carrier_shipments / bulk_shipping_job_items (cascade); workflow_instances x1; warehouse_tasks x3; documents x0; order_manual_charges x0"
"OMS-2026-00433","SAFE","","2e53de5f-d17c-4267-9b88-333b229ad683","shipped","a19a950e-b236-4e6b-9642-940be41b7d89","OUT-2026-02257","shipped","1","1","WH-001/A/A-01","e15062a0-18d7-4133-9eec-b266be2f0cba","SKU-ZUGSL2-MSBN6ZOA:1","2","1","3","0","0","outbound_orders:a19a950e-b236-4e6b-9642-940be41b7d89; outbound_order_lines (cascade); stock_reservations x2 (cascade); carrier_shipments / bulk_shipping_job_items (cascade); workflow_instances x1; warehouse_tasks x3; documents x0; order_manual_charges x0"
"OMS-2026-00435","SAFE","","f5f05a69-6bfe-48ef-9dce-416a08db2023","shipped","87908f5c-1715-4ac7-ab01-45198f9499b8","OUT-2026-02258","shipped","1","1","WH-001/RETURNS","e15062a0-18d7-4133-9eec-b266be2f0cba","SKU-ZUGSL2-MSBN6ZOA:1","2","1","3","0","0","outbound_orders:87908f5c-1715-4ac7-ab01-45198f9499b8; outbound_order_lines (cascade); stock_reservations x2 (cascade); carrier_shipments / bulk_shipping_job_items (cascade); workflow_instances x1; warehouse_tasks x3; documents x0; order_manual_charges x0"
"OMS-2026-00437","SAFE","","aea57180-97e0-4351-ae2a-ebf12bd57bed","shipped","c1d36f6f-2464-43fc-bdea-08bfaf194818","OUT-2026-02259","shipped","1","1","WH-001/A/A-01","e15062a0-18d7-4133-9eec-b266be2f0cba","SKU-ZUGSL2-MSBN6ZOA:1","2","1","3","0","0","outbound_orders:c1d36f6f-2464-43fc-bdea-08bfaf194818; outbound_order_lines (cascade); stock_reservations x2 (cascade); carrier_shipments / bulk_shipping_job_items (cascade); workflow_instances x1; warehouse_tasks x3; documents x0; order_manual_charges x0"
"OMS-2026-00438","SAFE","","8a4ea72e-7757-44c6-8a86-cc865a270485","shipped","f5e38a87-7ca6-42c6-92b6-92469f9754c4","OUT-2026-02260","shipped","1","1","WH-001/RETURNS","e15062a0-18d7-4133-9eec-b266be2f0cba","SKU-ZUGSL2-MSBN6ZOA:1","2","1","3","0","0","outbound_orders:f5e38a87-7ca6-42c6-92b6-92469f9754c4; outbound_order_lines (cascade); stock_reservations x2 (cascade); carrier_shipments / bulk_shipping_job_items (cascade); workflow_instances x1; warehouse_tasks x3; documents x0; order_manual_charges x0"
"OMS-2026-00439","SAFE","","d4cc088c-28ff-46b4-aa12-b7d9860e315f","shipped","48207fe1-d49a-47a0-a3b8-3e4368ac8c2d","OUT-2026-02261","shipped","1","1","WH-001/A/A-01","e15062a0-18d7-4133-9eec-b266be2f0cba","SKU-ZUGSL2-MSBN6ZOA:1","2","1","3","0","0","outbound_orders:48207fe1-d49a-47a0-a3b8-3e4368ac8c2d; outbound_order_lines (cascade); stock_reservations x2 (cascade); carrier_shipments / bulk_shipping_job_items (cascade); workflow_instances x1; warehouse_tasks x3; documents x0; order_manual_charges x0"
"OMS-2026-00440","SAFE","","ffee2dab-e256-430f-a6ef-e5065c0f7932","shipped","a318bf80-da02-456e-97f3-dd3e71d2e9f3","OUT-2026-02263","shipped","1","1","WH-001/RETURNS","e15062a0-18d7-4133-9eec-b266be2f0cba","SKU-ZUGSL2-MSBN6ZOA:1","2","1","3","0","0","outbound_orders:a318bf80-da02-456e-97f3-dd3e71d2e9f3; outbound_order_lines (cascade); stock_reservations x2 (cascade); carrier_shipments / bulk_shipping_job_items (cascade); workflow_instances x1; warehouse_tasks x3; documents x0; order_manual_charges x0"
"OMS-2026-00441","SAFE","","df8ac7fa-3288-4736-81e9-95c7642fc76d","shipped","24845394-26e6-4478-90ac-aff16db27ceb","OUT-2026-02264","shipped","1","1","WH-001/A/A-01","e15062a0-18d7-4133-9eec-b266be2f0cba","SKU-ZUGSL2-MSBN6ZOA:1","2","1","3","0","0","outbound_orders:24845394-26e6-4478-90ac-aff16db27ceb; outbound_order_lines (cascade); stock_reservations x2 (cascade); carrier_shipments / bulk_shipping_job_items (cascade); workflow_instances x1; warehouse_tasks x3; documents x0; order_manual_charges x0"
"OMS-2026-00447","SAFE","","060ce440-fa1b-44f2-abf6-1bcc8b25ed67","shipped","f59fdf8c-2fbd-4105-b5ec-c22fb6cb2445","OUT-2026-02265","shipped","1","1","WH-001/RETURNS","e15062a0-18d7-4133-9eec-b266be2f0cba","SKU-ZUGSL2-MSBN6ZOA:1","2","1","3","0","0","outbound_orders:f59fdf8c-2fbd-4105-b5ec-c22fb6cb2445; outbound_order_lines (cascade); stock_reservations x2 (cascade); carrier_shipments / bulk_shipping_job_items (cascade); workflow_instances x1; warehouse_tasks x3; documents x0; order_manual_charges x0"
"OMS-2026-00450","SAFE","","c7fbadea-7c59-41b5-8cea-1970921f5d41","shipped","0ad0ca6f-5fd8-43de-8044-d1c77b2fc2c1","OUT-2026-02266","shipped","1","1","WH-001/A/A-01","e15062a0-18d7-4133-9eec-b266be2f0cba","SKU-ZUGSL2-MSBN6ZOA:1","2","1","3","0","0","outbound_orders:0ad0ca6f-5fd8-43de-8044-d1c77b2fc2c1; outbound_order_lines (cascade); stock_reservations x2 (cascade); carrier_shipments / bulk_shipping_job_items (cascade); workflow_instances x1; warehouse_tasks x3; documents x0; order_manual_charges x0"
"OMS-2026-00453","SAFE","","ff33674b-8322-4e3d-92de-e49c129d185d","shipped","3c779ee0-0e22-4334-a995-21721c7cec6a","OUT-2026-02267","shipped","1","1","WH-001/RETURNS","e15062a0-18d7-4133-9eec-b266be2f0cba","SKU-ZUGSL2-MSBN6ZOA:1","2","1","3","0","0","outbound_orders:3c779ee0-0e22-4334-a995-21721c7cec6a; outbound_order_lines (cascade); stock_reservations x2 (cascade); carrier_shipments / bulk_shipping_job_items (cascade); workflow_instances x1; warehouse_tasks x3; documents x0; order_manual_charges x0"
"OMS-2026-00456","SAFE","","d287d5fb-c123-4142-ba6e-afe9e1257475","shipped","50dacae7-c7ff-410c-a042-dbd5c76e09c1","OUT-2026-02268","shipped","1","1","WH-001/A/A-01","e15062a0-18d7-4133-9eec-b266be2f0cba","SKU-ZUGSL2-MSBN6ZOA:1","2","1","3","0","0","outbound_orders:50dacae7-c7ff-410c-a042-dbd5c76e09c1; outbound_order_lines (cascade); stock_reservations x2 (cascade); carrier_shipments / bulk_shipping_job_items (cascade); workflow_instances x1; warehouse_tasks x3; documents x0; order_manual_charges x0"
"OMS-2026-00457","SAFE","","84c855bd-b649-429d-b6b6-830bb9ee0b4e","shipped","a1779937-1a56-468b-b88c-4a52dd27f7ed","OUT-2026-02269","shipped","1","1","WH-001/RETURNS","e15062a0-18d7-4133-9eec-b266be2f0cba","SKU-ZUGSL2-MSBN6ZOA:1","2","1","3","0","0","outbound_orders:a1779937-1a56-468b-b88c-4a52dd27f7ed; outbound_order_lines (cascade); stock_reservations x2 (cascade); carrier_shipments / bulk_shipping_job_items (cascade); workflow_instances x1; warehouse_tasks x3; documents x0; order_manual_charges x0"
"OMS-2026-00459","SAFE","","5d7c22ae-e213-4cb0-b0ad-f90740b85093","shipped","035cffaf-b8de-48a6-a5e7-50ea7ffb8978","OUT-2026-02270","shipped","1","1","WH-001/A/A-01","e15062a0-18d7-4133-9eec-b266be2f0cba","SKU-ZUGSL2-MSBN6ZOA:1","2","1","3","0","0","outbound_orders:035cffaf-b8de-48a6-a5e7-50ea7ffb8978; outbound_order_lines (cascade); stock_reservations x2 (cascade); carrier_shipments / bulk_shipping_job_items (cascade); workflow_instances x1; warehouse_tasks x3; documents x0; order_manual_charges x0"
"OMS-2026-00460","SAFE","","dba10e1c-9a8c-4cba-97ba-35b38747f04d","shipped","55471a63-2792-4c4a-915d-7f32abf4dcb8","OUT-2026-02271","shipped","1","1","WH-001/RETURNS","e15062a0-18d7-4133-9eec-b266be2f0cba","SKU-ZUGSL2-MSBN6ZOA:1","2","1","3","0","0","outbound_orders:55471a63-2792-4c4a-915d-7f32abf4dcb8; outbound_order_lines (cascade); stock_reservations x2 (cascade); carrier_shipments / bulk_shipping_job_items (cascade); workflow_instances x1; warehouse_tasks x3; documents x0; order_manual_charges x0"
"OMS-2026-00461","SAFE","","e8ae6372-0cc6-4c78-82d7-ef98431c3c6e","shipped","1f7f4cdc-8e1a-43ec-ba28-8dcad2be77a5","OUT-2026-02272","shipped","1","1","WH-001/A/A-01","e15062a0-18d7-4133-9eec-b266be2f0cba","SKU-ZUGSL2-MSBN6ZOA:1","2","1","3","0","0","outbound_orders:1f7f4cdc-8e1a-43ec-ba28-8dcad2be77a5; outbound_order_lines (cascade); stock_reservations x2 (cascade); carrier_shipments / bulk_shipping_job_items (cascade); workflow_instances x1; warehouse_tasks x3; documents x0; order_manual_charges x0"
"OMS-2026-00462","SAFE","","2be0c587-153d-4d73-b09b-ed4fba785e33","shipped","dd478bd2-2623-4db1-927b-c8b53baf4502","OUT-2026-02273","shipped","1","1","WH-001/RETURNS","e15062a0-18d7-4133-9eec-b266be2f0cba","SKU-ZUGSL2-MSBN6ZOA:1","2","1","3","0","0","outbound_orders:dd478bd2-2623-4db1-927b-c8b53baf4502; outbound_order_lines (cascade); stock_reservations x2 (cascade); carrier_shipments / bulk_shipping_job_items (cascade); workflow_instances x1; warehouse_tasks x3; documents x0; order_manual_charges x0"
"OMS-2026-00463","SAFE","","23ddb1e2-c243-49e6-b5fc-04e1a83dfb1e","shipped","86d5db7c-ece8-4aa9-84f2-d3f09f7c30ea","OUT-2026-02274","shipped","1","1","WH-001/A/A-01","e15062a0-18d7-4133-9eec-b266be2f0cba","SKU-ZUGSL2-MSBN6ZOA:1","2","1","3","0","0","outbound_orders:86d5db7c-ece8-4aa9-84f2-d3f09f7c30ea; outbound_order_lines (cascade); stock_reservations x2 (cascade); carrier_shipments / bulk_shipping_job_items (cascade); workflow_instances x1; warehouse_tasks x3; documents x0; order_manual_charges x0"
"OMS-2026-00464","SAFE","","8ede2064-2443-4f31-b4b6-f8c9a1a08112","shipped","f710eb78-76c6-4fa4-b984-46264fb67865","OUT-2026-02275","shipped","1","1","WH-001/RETURNS","e15062a0-18d7-4133-9eec-b266be2f0cba","SKU-ZUGSL2-MSBN6ZOA:1","2","1","3","0","0","outbound_orders:f710eb78-76c6-4fa4-b984-46264fb67865; outbound_order_lines (cascade); stock_reservations x2 (cascade); carrier_shipments / bulk_shipping_job_items (cascade); workflow_instances x1; warehouse_tasks x3; documents x0; order_manual_charges x0"
"OMS-2026-00465","SAFE","","66486e9d-77c4-493f-9719-ecd28fe3ae04","shipped","af90d811-c913-4a24-ada8-64fe68354a81","OUT-2026-02276","shipped","1","1","WH-001/A/A-01","e15062a0-18d7-4133-9eec-b266be2f0cba","SKU-ZUGSL2-MSBN6ZOA:1","2","1","3","0","0","outbound_orders:af90d811-c913-4a24-ada8-64fe68354a81; outbound_order_lines (cascade); stock_reservations x2 (cascade); carrier_shipments / bulk_shipping_job_items (cascade); workflow_instances x1; warehouse_tasks x3; documents x0; order_manual_charges x0"
"OMS-2026-00466","SAFE","","1ee6460c-ca34-4631-bf52-d25f21becd0e","shipped","5b786b65-11e0-4f60-8f94-f5cc4dcbacee","OUT-2026-02277","shipped","1","1","WH-001/RETURNS","e15062a0-18d7-4133-9eec-b266be2f0cba","SKU-ZUGSL2-MSBN6ZOA:1","2","1","3","0","0","outbound_orders:5b786b65-11e0-4f60-8f94-f5cc4dcbacee; outbound_order_lines (cascade); stock_reservations x2 (cascade); carrier_shipments / bulk_shipping_job_items (cascade); workflow_instances x1; warehouse_tasks x3; documents x0; order_manual_charges x0"
"OMS-2026-00468","SAFE","","2d61f69a-ac4f-4f12-b008-1b888be21be7","shipped","1857cb4b-a684-4144-b7a8-84b0a4a1621c","OUT-2026-02278","shipped","1","1","WH-001/A/A-01","e15062a0-18d7-4133-9eec-b266be2f0cba","SKU-ZUGSL2-MSBN6ZOA:1","2","1","3","0","0","outbound_orders:1857cb4b-a684-4144-b7a8-84b0a4a1621c; outbound_order_lines (cascade); stock_reservations x2 (cascade); carrier_shipments / bulk_shipping_job_items (cascade); workflow_instances x1; warehouse_tasks x3; documents x0; order_manual_charges x0"
"OMS-2026-00469","SAFE","","3caff526-ad51-47e7-be99-d6e968994e16","shipped","735d860f-4e52-4844-abcc-3cca694eaa60","OUT-2026-02279","shipped","1","1","WH-001/RETURNS","e15062a0-18d7-4133-9eec-b266be2f0cba","SKU-ZUGSL2-MSBN6ZOA:1","2","1","3","0","0","outbound_orders:735d860f-4e52-4844-abcc-3cca694eaa60; outbound_order_lines (cascade); stock_reservations x2 (cascade); carrier_shipments / bulk_shipping_job_items (cascade); workflow_instances x1; warehouse_tasks x3; documents x0; order_manual_charges x0"
"OMS-2026-00470","SAFE","","f478903d-d666-4907-906a-a75a24e77002","shipped","6900237f-7c8f-49a3-8ef9-fae700ac1c15","OUT-2026-02280","shipped","1","1","WH-001/A/A-01","e15062a0-18d7-4133-9eec-b266be2f0cba","SKU-ZUGSL2-MSBN6ZOA:1","2","1","3","0","0","outbound_orders:6900237f-7c8f-49a3-8ef9-fae700ac1c15; outbound_order_lines (cascade); stock_reservations x2 (cascade); carrier_shipments / bulk_shipping_job_items (cascade); workflow_instances x1; warehouse_tasks x3; documents x0; order_manual_charges x0"
"OMS-2026-00471","SAFE","","860657a0-b1ce-4675-8e33-d13b8400b8bf","shipped","195ca41b-fc43-453b-b899-924267775194","OUT-2026-02281","shipped","1","1","WH-001/RETURNS","e15062a0-18d7-4133-9eec-b266be2f0cba","SKU-ZUGSL2-MSBN6ZOA:1","2","1","3","0","0","outbound_orders:195ca41b-fc43-453b-b899-924267775194; outbound_order_lines (cascade); stock_reservations x2 (cascade); carrier_shipments / bulk_shipping_job_items (cascade); workflow_instances x1; warehouse_tasks x3; documents x0; order_manual_charges x0"
"OMS-2026-00472","SAFE","","91361778-bad1-4c80-a7c0-fdf1b708367a","shipped","26b25d2e-8ca6-4417-ba80-36b263ccc384","OUT-2026-02282","shipped","1","1","WH-001/A/A-01","e15062a0-18d7-4133-9eec-b266be2f0cba","SKU-ZUGSL2-MSBN6ZOA:1","2","1","3","0","0","outbound_orders:26b25d2e-8ca6-4417-ba80-36b263ccc384; outbound_order_lines (cascade); stock_reservations x2 (cascade); carrier_shipments / bulk_shipping_job_items (cascade); workflow_instances x1; warehouse_tasks x3; documents x0; order_manual_charges x0"
"OMS-2026-00473","SAFE","","4234874d-df37-4b18-af88-5d8f40addde0","shipped","d5229cbc-70f0-4adc-8b95-39d6db1f437b","OUT-2026-02283","shipped","1","1","WH-001/RETURNS","e15062a0-18d7-4133-9eec-b266be2f0cba","SKU-ZUGSL2-MSBN6ZOA:1","2","1","3","0","0","outbound_orders:d5229cbc-70f0-4adc-8b95-39d6db1f437b; outbound_order_lines (cascade); stock_reservations x2 (cascade); carrier_shipments / bulk_shipping_job_items (cascade); workflow_instances x1; warehouse_tasks x3; documents x0; order_manual_charges x0"
"OMS-2026-00474","SAFE","","faf62609-58cb-4fc7-9787-8b5ea806009a","shipped","3b6f8ffd-9ce6-42bf-84cd-f79fb28797e3","OUT-2026-02284","shipped","1","1","WH-001/A/A-01","e15062a0-18d7-4133-9eec-b266be2f0cba","SKU-ZUGSL2-MSBN6ZOA:1","2","1","3","0","0","outbound_orders:3b6f8ffd-9ce6-42bf-84cd-f79fb28797e3; outbound_order_lines (cascade); stock_reservations x2 (cascade); carrier_shipments / bulk_shipping_job_items (cascade); workflow_instances x1; warehouse_tasks x3; documents x0; order_manual_charges x0"
"OMS-2026-00475","SAFE","","14baf3eb-2729-443e-a82c-48afaf98fcd3","shipped","53e6de15-6197-4217-a068-cea998a7ddbc","OUT-2026-02285","shipped","1","1","WH-001/RETURNS","e15062a0-18d7-4133-9eec-b266be2f0cba","SKU-ZUGSL2-MSBN6ZOA:1","2","1","3","0","0","outbound_orders:53e6de15-6197-4217-a068-cea998a7ddbc; outbound_order_lines (cascade); stock_reservations x2 (cascade); carrier_shipments / bulk_shipping_job_items (cascade); workflow_instances x1; warehouse_tasks x3; documents x0; order_manual_charges x0"
"OMS-2026-00476","SAFE","","4608decd-fb36-40da-957d-25221be12640","shipped","60c14717-09c4-4cd7-b825-54eb2fd33f28","OUT-2026-02286","shipped","1","1","WH-001/A/A-01","e15062a0-18d7-4133-9eec-b266be2f0cba","SKU-ZUGSL2-MSBN6ZOA:1","2","1","3","0","0","outbound_orders:60c14717-09c4-4cd7-b825-54eb2fd33f28; outbound_order_lines (cascade); stock_reservations x2 (cascade); carrier_shipments / bulk_shipping_job_items (cascade); workflow_instances x1; warehouse_tasks x3; documents x0; order_manual_charges x0"
"OMS-2026-00477","SAFE","","4ea50741-d5fc-4fcb-a09c-a9f06c5e8b65","shipped","0a1d70af-b8a2-45c6-adf5-c3a52e119b87","OUT-2026-02287","shipped","1","1","WH-001/RETURNS","e15062a0-18d7-4133-9eec-b266be2f0cba","SKU-ZUGSL2-MSBN6ZOA:1","2","1","3","0","0","outbound_orders:0a1d70af-b8a2-45c6-adf5-c3a52e119b87; outbound_order_lines (cascade); stock_reservations x2 (cascade); carrier_shipments / bulk_shipping_job_items (cascade); workflow_instances x1; warehouse_tasks x3; documents x0; order_manual_charges x0"
"OMS-2026-00480","SAFE","","3df41e9f-f55d-4a5d-adaf-37584f9130a1","shipped","f2557cb1-1442-46ec-ab0a-64da4c044f20","OUT-2026-02288","shipped","1","1","WH-001/A/A-01","e15062a0-18d7-4133-9eec-b266be2f0cba","SKU-ZUGSL2-MSBN6ZOA:1","2","1","3","0","0","outbound_orders:f2557cb1-1442-46ec-ab0a-64da4c044f20; outbound_order_lines (cascade); stock_reservations x2 (cascade); carrier_shipments / bulk_shipping_job_items (cascade); workflow_instances x1; warehouse_tasks x3; documents x0; order_manual_charges x0"
"OMS-2026-00481","SAFE","","9b4b34f7-6ec6-4e4a-ad67-f8ab734796cf","shipped","8f284bfa-37b5-4c5c-b2a3-c31e4ef6057f","OUT-2026-02289","shipped","1","1","WH-001/RETURNS","e15062a0-18d7-4133-9eec-b266be2f0cba","SKU-ZUGSL2-MSBN6ZOA:1","2","1","3","0","0","outbound_orders:8f284bfa-37b5-4c5c-b2a3-c31e4ef6057f; outbound_order_lines (cascade); stock_reservations x2 (cascade); carrier_shipments / bulk_shipping_job_items (cascade); workflow_instances x1; warehouse_tasks x3; documents x0; order_manual_charges x0"
"OMS-2026-00483","SAFE","","070fb459-f9a7-4275-ac40-1f86365f76a8","shipped","fc2ebb31-1f0e-4947-bec8-93c55bca1d62","OUT-2026-02290","shipped","1","1","WH-001/A/A-01","e15062a0-18d7-4133-9eec-b266be2f0cba","SKU-ZUGSL2-MSBN6ZOA:1","2","1","3","0","0","outbound_orders:fc2ebb31-1f0e-4947-bec8-93c55bca1d62; outbound_order_lines (cascade); stock_reservations x2 (cascade); carrier_shipments / bulk_shipping_job_items (cascade); workflow_instances x1; warehouse_tasks x3; documents x0; order_manual_charges x0"
"OMS-2026-00484","SAFE","","a3cfea30-5fb6-43dc-a433-308a846ce6e9","shipped","d761a3da-2c3e-413d-a36c-8b7a8e494f21","OUT-2026-02291","shipped","1","1","WH-001/RETURNS","e15062a0-18d7-4133-9eec-b266be2f0cba","SKU-ZUGSL2-MSBN6ZOA:1","2","1","3","0","0","outbound_orders:d761a3da-2c3e-413d-a36c-8b7a8e494f21; outbound_order_lines (cascade); stock_reservations x2 (cascade); carrier_shipments / bulk_shipping_job_items (cascade); workflow_instances x1; warehouse_tasks x3; documents x0; order_manual_charges x0"
"OMS-2026-00485","SAFE","","28f94239-53b1-4448-8817-43c84e456e40","shipped","05320bec-4b63-40fe-9145-138dc4615712","OUT-2026-02292","shipped","1","1","WH-001/A/A-01","e15062a0-18d7-4133-9eec-b266be2f0cba","SKU-ZUGSL2-MSBN6ZOA:1","2","1","3","0","0","outbound_orders:05320bec-4b63-40fe-9145-138dc4615712; outbound_order_lines (cascade); stock_reservations x2 (cascade); carrier_shipments / bulk_shipping_job_items (cascade); workflow_instances x1; warehouse_tasks x3; documents x0; order_manual_charges x0"
"OMS-2026-00486","SAFE","","857ef118-5208-4dc9-9411-4be409893098","shipped","996fd961-5ea1-4df9-b3e2-89cdf1a250d9","OUT-2026-02293","shipped","1","1","WH-001/RETURNS","e15062a0-18d7-4133-9eec-b266be2f0cba","SKU-ZUGSL2-MSBN6ZOA:1","2","1","3","0","0","outbound_orders:996fd961-5ea1-4df9-b3e2-89cdf1a250d9; outbound_order_lines (cascade); stock_reservations x2 (cascade); carrier_shipments / bulk_shipping_job_items (cascade); workflow_instances x1; warehouse_tasks x3; documents x0; order_manual_charges x0"
"OMS-2026-00487","SAFE","","0e8a6885-73b4-4188-9222-f0b0d945f6ce","shipped","78c8a22f-0ddb-407b-b918-f7210f5a8877","OUT-2026-02294","shipped","1","1","WH-001/A/A-01","e15062a0-18d7-4133-9eec-b266be2f0cba","SKU-ZUGSL2-MSBN6ZOA:1","2","1","3","0","0","outbound_orders:78c8a22f-0ddb-407b-b918-f7210f5a8877; outbound_order_lines (cascade); stock_reservations x2 (cascade); carrier_shipments / bulk_shipping_job_items (cascade); workflow_instances x1; warehouse_tasks x3; documents x0; order_manual_charges x0"
"OMS-2026-00488","SAFE","","931005ea-be88-47af-b554-7be2eb487065","shipped","d323339d-9154-433c-93e1-6e7e36d2bfc4","OUT-2026-02295","shipped","1","1","WH-001/RETURNS","e15062a0-18d7-4133-9eec-b266be2f0cba","SKU-ZUGSL2-MSBN6ZOA:1","2","1","3","0","0","outbound_orders:d323339d-9154-433c-93e1-6e7e36d2bfc4; outbound_order_lines (cascade); stock_reservations x2 (cascade); carrier_shipments / bulk_shipping_job_items (cascade); workflow_instances x1; warehouse_tasks x3; documents x0; order_manual_charges x0"
"OMS-2026-00489","SAFE","","ededa62f-0d44-4325-8172-040c2ab6e54a","shipped","13d7f98c-e4d7-4f52-aabf-6b85cd878d50","OUT-2026-02296","shipped","1","1","WH-001/A/A-01","e15062a0-18d7-4133-9eec-b266be2f0cba","SKU-ZUGSL2-MSBN6ZOA:1","2","1","3","0","0","outbound_orders:13d7f98c-e4d7-4f52-aabf-6b85cd878d50; outbound_order_lines (cascade); stock_reservations x2 (cascade); carrier_shipments / bulk_shipping_job_items (cascade); workflow_instances x1; warehouse_tasks x3; documents x0; order_manual_charges x0"
"OMS-2026-00490","SAFE","","d11c9109-787c-4d26-a849-189a8b679c27","shipped","691f9c28-d80f-4fd3-b2d3-134316a60018","OUT-2026-02297","shipped","1","1","WH-001/RETURNS","e15062a0-18d7-4133-9eec-b266be2f0cba","SKU-ZUGSL2-MSBN6ZOA:1","2","1","3","0","0","outbound_orders:691f9c28-d80f-4fd3-b2d3-134316a60018; outbound_order_lines (cascade); stock_reservations x2 (cascade); carrier_shipments / bulk_shipping_job_items (cascade); workflow_instances x1; warehouse_tasks x3; documents x0; order_manual_charges x0"
"OMS-2026-00491","SAFE","","bd1c3837-4c68-420c-b31c-6139d5848cb5","shipped","6031a2b8-eb81-40ba-a8c6-57952352d42d","OUT-2026-02298","shipped","1","1","WH-001/A/A-01","e15062a0-18d7-4133-9eec-b266be2f0cba","SKU-ZUGSL2-MSBN6ZOA:1","2","1","3","0","0","outbound_orders:6031a2b8-eb81-40ba-a8c6-57952352d42d; outbound_order_lines (cascade); stock_reservations x2 (cascade); carrier_shipments / bulk_shipping_job_items (cascade); workflow_instances x1; warehouse_tasks x3; documents x0; order_manual_charges x0"
"OMS-2026-00492","SAFE","","ad74d96d-098d-41f3-bcbd-0b05ab6aed85","shipped","3aeb1f01-0e90-4134-bf6d-0e4ea41ddd19","OUT-2026-02299","shipped","1","1","WH-001/RETURNS","e15062a0-18d7-4133-9eec-b266be2f0cba","SKU-ZUGSL2-MSBN6ZOA:1","2","1","3","0","0","outbound_orders:3aeb1f01-0e90-4134-bf6d-0e4ea41ddd19; outbound_order_lines (cascade); stock_reservations x2 (cascade); carrier_shipments / bulk_shipping_job_items (cascade); workflow_instances x1; warehouse_tasks x3; documents x0; order_manual_charges x0"
"OMS-2026-00493","SAFE","","8d32ace9-3acb-4df3-8427-7bac97f92176","shipped","32723ca9-9a29-4ead-8fe0-dd5138eb94ae","OUT-2026-02300","shipped","1","1","WH-001/A/A-01","e15062a0-18d7-4133-9eec-b266be2f0cba","SKU-ZUGSL2-MSBN6ZOA:1","2","1","3","0","0","outbound_orders:32723ca9-9a29-4ead-8fe0-dd5138eb94ae; outbound_order_lines (cascade); stock_reservations x2 (cascade); carrier_shipments / bulk_shipping_job_items (cascade); workflow_instances x1; warehouse_tasks x3; documents x0; order_manual_charges x0"
"OMS-2026-00494","SAFE","","84e1f32b-4b13-46ca-9124-e960714fcc59","shipped","7ec45849-c6c7-4326-b5b4-cf7e8bd0905c","OUT-2026-02301","shipped","1","1","WH-001/RETURNS","e15062a0-18d7-4133-9eec-b266be2f0cba","SKU-ZUGSL2-MSBN6ZOA:1","2","1","3","0","0","outbound_orders:7ec45849-c6c7-4326-b5b4-cf7e8bd0905c; outbound_order_lines (cascade); stock_reservations x2 (cascade); carrier_shipments / bulk_shipping_job_items (cascade); workflow_instances x1; warehouse_tasks x3; documents x0; order_manual_charges x0"
"OMS-2026-00495","SAFE","","56b960e2-becf-41a4-b55a-27d6fbc6b3cb","shipped","fbb4c308-356a-47ed-82bd-3ba09f9fdd3e","OUT-2026-02302","shipped","1","1","WH-001/A/A-01","e15062a0-18d7-4133-9eec-b266be2f0cba","SKU-ZUGSL2-MSBN6ZOA:1","2","1","3","0","0","outbound_orders:fbb4c308-356a-47ed-82bd-3ba09f9fdd3e; outbound_order_lines (cascade); stock_reservations x2 (cascade); carrier_shipments / bulk_shipping_job_items (cascade); workflow_instances x1; warehouse_tasks x3; documents x0; order_manual_charges x0"
"OMS-2026-00496","SAFE","","1d7095e3-e534-4619-89a0-42f51016f5d1","shipped","e10e7943-8321-4250-bfb3-e71bb2ed4250","OUT-2026-02303","shipped","1","1","WH-001/RETURNS","e15062a0-18d7-4133-9eec-b266be2f0cba","SKU-ZUGSL2-MSBN6ZOA:1","2","1","3","0","0","outbound_orders:e10e7943-8321-4250-bfb3-e71bb2ed4250; outbound_order_lines (cascade); stock_reservations x2 (cascade); carrier_shipments / bulk_shipping_job_items (cascade); workflow_instances x1; warehouse_tasks x3; documents x0; order_manual_charges x0"
"OMS-2026-00497","SAFE","","3924e81e-6196-4300-81b3-3f7c7fa6938b","shipped","ee69e1aa-4937-4a7b-9209-4cb465e9cbc1","OUT-2026-02304","shipped","1","1","WH-001/A/A-01","e15062a0-18d7-4133-9eec-b266be2f0cba","SKU-ZUGSL2-MSBN6ZOA:1","2","1","3","0","0","outbound_orders:ee69e1aa-4937-4a7b-9209-4cb465e9cbc1; outbound_order_lines (cascade); stock_reservations x2 (cascade); carrier_shipments / bulk_shipping_job_items (cascade); workflow_instances x1; warehouse_tasks x3; documents x0; order_manual_charges x0"
"OMS-2026-00498","SAFE","","cba0f651-6356-45ff-af6a-ce81245dda64","shipped","33820525-30c0-414d-8f58-7f8d7d0183f5","OUT-2026-02305","shipped","1","1","WH-001/RETURNS","e15062a0-18d7-4133-9eec-b266be2f0cba","SKU-ZUGSL2-MSBN6ZOA:1","2","1","3","0","0","outbound_orders:33820525-30c0-414d-8f58-7f8d7d0183f5; outbound_order_lines (cascade); stock_reservations x2 (cascade); carrier_shipments / bulk_shipping_job_items (cascade); workflow_instances x1; warehouse_tasks x3; documents x0; order_manual_charges x0"
"OMS-2026-00499","SAFE","","7abe1f85-2b38-4648-948b-1a782aa6873e","shipped","05eb39f7-75c4-46b2-a9b7-f6fae9e9bb21","OUT-2026-02307","shipped","1","1","WH-001/A/A-01","e15062a0-18d7-4133-9eec-b266be2f0cba","SKU-ZUGSL2-MSBN6ZOA:1","2","1","3","0","0","outbound_orders:05eb39f7-75c4-46b2-a9b7-f6fae9e9bb21; outbound_order_lines (cascade); stock_reservations x2 (cascade); carrier_shipments / bulk_shipping_job_items (cascade); workflow_instances x1; warehouse_tasks x3; documents x0; order_manual_charges x0"
"OMS-2026-00500","SAFE","","507fae12-20d6-44c0-abcd-0004a6959dc5","shipped","f74e09ca-3fb9-45d7-b121-99e9d72e5518","OUT-2026-02308","shipped","1","1","WH-001/RETURNS","e15062a0-18d7-4133-9eec-b266be2f0cba","SKU-ZUGSL2-MSBN6ZOA:1","2","1","3","0","0","outbound_orders:f74e09ca-3fb9-45d7-b121-99e9d72e5518; outbound_order_lines (cascade); stock_reservations x2 (cascade); carrier_shipments / bulk_shipping_job_items (cascade); workflow_instances x1; warehouse_tasks x3; documents x0; order_manual_charges x0"
"OMS-2026-00501","SAFE","","c0c16d14-fa13-4892-bf91-fe07f339f472","shipped","d18f556f-e177-40f4-978c-80fb5ee0811f","OUT-2026-02309","shipped","1","1","WH-001/A/A-01","e15062a0-18d7-4133-9eec-b266be2f0cba","SKU-ZUGSL2-MSBN6ZOA:1","2","1","3","0","0","outbound_orders:d18f556f-e177-40f4-978c-80fb5ee0811f; outbound_order_lines (cascade); stock_reservations x2 (cascade); carrier_shipments / bulk_shipping_job_items (cascade); workflow_instances x1; warehouse_tasks x3; documents x0; order_manual_charges x0"
"OMS-2026-00502","SAFE","","fa382165-e923-4f28-92df-10c66c52ecda","shipped","fa966531-ba2b-4404-b11d-426309bd0c64","OUT-2026-02310","shipped","1","1","WH-001/RETURNS","e15062a0-18d7-4133-9eec-b266be2f0cba","SKU-ZUGSL2-MSBN6ZOA:1","2","1","3","0","0","outbound_orders:fa966531-ba2b-4404-b11d-426309bd0c64; outbound_order_lines (cascade); stock_reservations x2 (cascade); carrier_shipments / bulk_shipping_job_items (cascade); workflow_instances x1; warehouse_tasks x3; documents x0; order_manual_charges x0"
"OMS-2026-00503","SAFE","","f774ed73-a44a-4337-bb2c-44539502ab41","shipped","678c6428-b88c-4fcc-9808-86e520d01507","OUT-2026-02311","shipped","1","1","WH-001/A/A-01","e15062a0-18d7-4133-9eec-b266be2f0cba","SKU-ZUGSL2-MSBN6ZOA:1","2","1","3","0","0","outbound_orders:678c6428-b88c-4fcc-9808-86e520d01507; outbound_order_lines (cascade); stock_reservations x2 (cascade); carrier_shipments / bulk_shipping_job_items (cascade); workflow_instances x1; warehouse_tasks x3; documents x0; order_manual_charges x0"
"OMS-2026-00504","SAFE","","df5e66e4-6941-465e-8095-c4fcffdfc8db","shipped","832c31c1-8141-4720-96e2-c5bdac3acc30","OUT-2026-02312","shipped","1","1","WH-001/RETURNS","e15062a0-18d7-4133-9eec-b266be2f0cba","SKU-ZUGSL2-MSBN6ZOA:1","2","1","3","0","0","outbound_orders:832c31c1-8141-4720-96e2-c5bdac3acc30; outbound_order_lines (cascade); stock_reservations x2 (cascade); carrier_shipments / bulk_shipping_job_items (cascade); workflow_instances x1; warehouse_tasks x3; documents x0; order_manual_charges x0"
"OMS-2026-00506","SAFE","","e463a1e9-726d-43d5-961b-7af8f96487c3","shipped","760d66be-f912-4101-90b3-88b09f77959d","OUT-2026-02313","shipped","1","1","WH-001/A/A-01","e15062a0-18d7-4133-9eec-b266be2f0cba","SKU-ZUGSL2-MSBN6ZOA:1","2","1","3","0","0","outbound_orders:760d66be-f912-4101-90b3-88b09f77959d; outbound_order_lines (cascade); stock_reservations x2 (cascade); carrier_shipments / bulk_shipping_job_items (cascade); workflow_instances x1; warehouse_tasks x3; documents x0; order_manual_charges x0"
"OMS-2026-00507","SAFE","","ecf9d7be-06b2-45b3-b990-eb316cc8c2b4","shipped","4e2a4167-080b-413b-a7e0-3551560af296","OUT-2026-02314","shipped","1","1","WH-001/RETURNS","e15062a0-18d7-4133-9eec-b266be2f0cba","SKU-ZUGSL2-MSBN6ZOA:1","2","1","3","0","0","outbound_orders:4e2a4167-080b-413b-a7e0-3551560af296; outbound_order_lines (cascade); stock_reservations x2 (cascade); carrier_shipments / bulk_shipping_job_items (cascade); workflow_instances x1; warehouse_tasks x3; documents x0; order_manual_charges x0"
"OMS-2026-00508","SAFE","","dd2501c8-e89b-488c-9446-1c99864488f3","shipped","b74b14a8-c402-47c2-a55e-e1454bc2c027","OUT-2026-02315","shipped","1","1","WH-001/A/A-01","e15062a0-18d7-4133-9eec-b266be2f0cba","SKU-ZUGSL2-MSBN6ZOA:1","2","1","3","0","0","outbound_orders:b74b14a8-c402-47c2-a55e-e1454bc2c027; outbound_order_lines (cascade); stock_reservations x2 (cascade); carrier_shipments / bulk_shipping_job_items (cascade); workflow_instances x1; warehouse_tasks x3; documents x0; order_manual_charges x0"
"OMS-2026-00510","SAFE","","42880968-7beb-4ada-aa56-c148ce449d37","shipped","9755c85a-6955-4e30-ba96-964406b47355","OUT-2026-02316","shipped","1","1","WH-001/RETURNS","e15062a0-18d7-4133-9eec-b266be2f0cba","SKU-ZUGSL2-MSBN6ZOA:1","2","1","3","0","0","outbound_orders:9755c85a-6955-4e30-ba96-964406b47355; outbound_order_lines (cascade); stock_reservations x2 (cascade); carrier_shipments / bulk_shipping_job_items (cascade); workflow_instances x1; warehouse_tasks x3; documents x0; order_manual_charges x0"
"OMS-2026-00511","SAFE","","ced55390-4d45-4c64-a25e-a3f8de1a4b26","shipped","be13801c-2c9f-4cb0-b95a-a46b6a844b5f","OUT-2026-02317","shipped","1","1","WH-001/A/A-01","e15062a0-18d7-4133-9eec-b266be2f0cba","SKU-ZUGSL2-MSBN6ZOA:1","2","1","3","0","0","outbound_orders:be13801c-2c9f-4cb0-b95a-a46b6a844b5f; outbound_order_lines (cascade); stock_reservations x2 (cascade); carrier_shipments / bulk_shipping_job_items (cascade); workflow_instances x1; warehouse_tasks x3; documents x0; order_manual_charges x0"
"OMS-2026-00512","SAFE","","53c1f2ad-4a0a-41c1-941c-ff2fcceb356b","shipped","f986c54b-fcfd-4c33-9f70-e50e6c9857cf","OUT-2026-02318","shipped","1","1","WH-001/RETURNS","e15062a0-18d7-4133-9eec-b266be2f0cba","SKU-ZUGSL2-MSBN6ZOA:1","2","1","3","0","0","outbound_orders:f986c54b-fcfd-4c33-9f70-e50e6c9857cf; outbound_order_lines (cascade); stock_reservations x2 (cascade); carrier_shipments / bulk_shipping_job_items (cascade); workflow_instances x1; warehouse_tasks x3; documents x0; order_manual_charges x0"
"OMS-2026-00513","SAFE","","8c0a51d3-4594-4872-b4af-050dc7757d3d","shipped","dd896611-b17f-46c3-ba0b-5bf198be718b","OUT-2026-02319","shipped","1","1","WH-001/A/A-01","e15062a0-18d7-4133-9eec-b266be2f0cba","SKU-ZUGSL2-MSBN6ZOA:1","2","1","3","0","0","outbound_orders:dd896611-b17f-46c3-ba0b-5bf198be718b; outbound_order_lines (cascade); stock_reservations x2 (cascade); carrier_shipments / bulk_shipping_job_items (cascade); workflow_instances x1; warehouse_tasks x3; documents x0; order_manual_charges x0"
"OMS-2026-00514","SAFE","","9a5bbcc1-3e16-435a-b8be-f740ebc4aaa9","shipped","45f8942c-1234-4247-880a-db775511a1f0","OUT-2026-02320","shipped","1","1","WH-001/RETURNS","e15062a0-18d7-4133-9eec-b266be2f0cba","SKU-ZUGSL2-MSBN6ZOA:1","2","1","3","0","0","outbound_orders:45f8942c-1234-4247-880a-db775511a1f0; outbound_order_lines (cascade); stock_reservations x2 (cascade); carrier_shipments / bulk_shipping_job_items (cascade); workflow_instances x1; warehouse_tasks x3; documents x0; order_manual_charges x0"
"OMS-2026-00517","SAFE","","e17d81a0-f0d6-487b-bd0d-d39bb20facd8","shipped","a29286ce-fb59-4521-8958-a79ab88452f2","OUT-2026-02321","shipped","1","1","WH-001/A/A-01","e15062a0-18d7-4133-9eec-b266be2f0cba","SKU-ZUGSL2-MSBN6ZOA:1","2","1","3","0","0","outbound_orders:a29286ce-fb59-4521-8958-a79ab88452f2; outbound_order_lines (cascade); stock_reservations x2 (cascade); carrier_shipments / bulk_shipping_job_items (cascade); workflow_instances x1; warehouse_tasks x3; documents x0; order_manual_charges x0"
"OMS-2026-00518","SAFE","","f045e7af-4d76-4a38-8239-c0980eb0b5d9","shipped","b0a91b7e-d551-4396-a332-27d96e6ab8d2","OUT-2026-02322","shipped","1","1","WH-001/RETURNS","e15062a0-18d7-4133-9eec-b266be2f0cba","SKU-ZUGSL2-MSBN6ZOA:1","2","1","3","0","0","outbound_orders:b0a91b7e-d551-4396-a332-27d96e6ab8d2; outbound_order_lines (cascade); stock_reservations x2 (cascade); carrier_shipments / bulk_shipping_job_items (cascade); workflow_instances x1; warehouse_tasks x3; documents x0; order_manual_charges x0"
"OMS-2026-00519","SAFE","","d0d68ad6-12e7-4988-8e1c-0c055b7a43c9","shipped","e6c559e6-4de5-4225-b7f3-dbf302bf7c51","OUT-2026-02323","shipped","1","1","WH-001/A/A-01","e15062a0-18d7-4133-9eec-b266be2f0cba","SKU-ZUGSL2-MSBN6ZOA:1","2","1","3","0","0","outbound_orders:e6c559e6-4de5-4225-b7f3-dbf302bf7c51; outbound_order_lines (cascade); stock_reservations x2 (cascade); carrier_shipments / bulk_shipping_job_items (cascade); workflow_instances x1; warehouse_tasks x3; documents x0; order_manual_charges x0"
"OMS-2026-00520","SAFE","","5a3af693-9f9a-47ba-b0fb-44fbc03959ea","shipped","749bbe4a-a64d-4082-a551-d926810f141f","OUT-2026-02324","shipped","1","1","WH-001/RETURNS","e15062a0-18d7-4133-9eec-b266be2f0cba","SKU-ZUGSL2-MSBN6ZOA:1","2","1","3","0","0","outbound_orders:749bbe4a-a64d-4082-a551-d926810f141f; outbound_order_lines (cascade); stock_reservations x2 (cascade); carrier_shipments / bulk_shipping_job_items (cascade); workflow_instances x1; warehouse_tasks x3; documents x0; order_manual_charges x0"
"OMS-2026-00523","SAFE","","e08557b3-4ab2-4fe3-a899-651668390731","shipped","3cb23653-1f50-4fa9-93eb-83513935cf37","OUT-2026-02325","shipped","1","1","WH-001/A/A-01","e15062a0-18d7-4133-9eec-b266be2f0cba","SKU-ZUGSL2-MSBN6ZOA:1","2","1","3","0","0","outbound_orders:3cb23653-1f50-4fa9-93eb-83513935cf37; outbound_order_lines (cascade); stock_reservations x2 (cascade); carrier_shipments / bulk_shipping_job_items (cascade); workflow_instances x1; warehouse_tasks x3; documents x0; order_manual_charges x0"
"OMS-2026-00524","SAFE","","66f4d8df-fa4a-47cf-b238-8582560cf69b","shipped","2d288985-daac-4991-8ebe-7768c8aaaef2","OUT-2026-02326","shipped","1","1","WH-001/RETURNS","e15062a0-18d7-4133-9eec-b266be2f0cba","SKU-ZUGSL2-MSBN6ZOA:1","2","1","3","0","0","outbound_orders:2d288985-daac-4991-8ebe-7768c8aaaef2; outbound_order_lines (cascade); stock_reservations x2 (cascade); carrier_shipments / bulk_shipping_job_items (cascade); workflow_instances x1; warehouse_tasks x3; documents x0; order_manual_charges x0"
"OMS-2026-00525","SAFE","","a811155e-82ab-45ce-a0f3-c5ffe699c57a","shipped","0d866cc0-9f66-4e9e-8b0f-5daaa7a8e8b2","OUT-2026-02327","shipped","1","1","WH-001/A/A-01","e15062a0-18d7-4133-9eec-b266be2f0cba","SKU-ZUGSL2-MSBN6ZOA:1","2","1","3","0","0","outbound_orders:0d866cc0-9f66-4e9e-8b0f-5daaa7a8e8b2; outbound_order_lines (cascade); stock_reservations x2 (cascade); carrier_shipments / bulk_shipping_job_items (cascade); workflow_instances x1; warehouse_tasks x3; documents x0; order_manual_charges x0"
"OMS-2026-00527","SAFE","","bd739b53-7da4-4ec8-b2d2-73bce83bf161","shipped","fb28421a-15f2-4289-840e-7a79b0b8b84f","OUT-2026-02328","shipped","1","1","WH-001/RETURNS","e15062a0-18d7-4133-9eec-b266be2f0cba","SKU-ZUGSL2-MSBN6ZOA:1","2","1","3","0","0","outbound_orders:fb28421a-15f2-4289-840e-7a79b0b8b84f; outbound_order_lines (cascade); stock_reservations x2 (cascade); carrier_shipments / bulk_shipping_job_items (cascade); workflow_instances x1; warehouse_tasks x3; documents x0; order_manual_charges x0"
"OMS-2026-00528","SAFE","","b6e910c2-7513-4975-bc20-3f8c0df9622b","shipped","b63988a3-fb62-424d-b68d-41606fb8581a","OUT-2026-02329","shipped","1","1","WH-001/A/A-01","e15062a0-18d7-4133-9eec-b266be2f0cba","SKU-ZUGSL2-MSBN6ZOA:1","2","1","3","0","0","outbound_orders:b63988a3-fb62-424d-b68d-41606fb8581a; outbound_order_lines (cascade); stock_reservations x2 (cascade); carrier_shipments / bulk_shipping_job_items (cascade); workflow_instances x1; warehouse_tasks x3; documents x0; order_manual_charges x0"
"OMS-2026-00529","SAFE","","e12d723e-050b-44b8-aeae-8962460c4705","shipped","969ec26c-0084-402b-8592-1940ed23fec4","OUT-2026-02330","shipped","1","1","WH-001/RETURNS","e15062a0-18d7-4133-9eec-b266be2f0cba","SKU-ZUGSL2-MSBN6ZOA:1","2","1","3","0","0","outbound_orders:969ec26c-0084-402b-8592-1940ed23fec4; outbound_order_lines (cascade); stock_reservations x2 (cascade); carrier_shipments / bulk_shipping_job_items (cascade); workflow_instances x1; warehouse_tasks x3; documents x0; order_manual_charges x0"
"OMS-2026-00531","SAFE","","1687e914-73d3-4137-b3ef-53c32ce6b5f4","shipped","8be171d4-2c0f-4a1e-9ce5-82372b99a3e4","OUT-2026-02331","shipped","1","1","WH-001/A/A-01","e15062a0-18d7-4133-9eec-b266be2f0cba","SKU-ZUGSL2-MSBN6ZOA:1","2","1","3","0","0","outbound_orders:8be171d4-2c0f-4a1e-9ce5-82372b99a3e4; outbound_order_lines (cascade); stock_reservations x2 (cascade); carrier_shipments / bulk_shipping_job_items (cascade); workflow_instances x1; warehouse_tasks x3; documents x0; order_manual_charges x0"
"OMS-2026-00534","SAFE","","e68d4eea-89b1-48ee-bdee-7ab051dbb421","shipped","30dcb3c8-0c8e-4db9-89e9-441e59a38718","OUT-2026-02332","shipped","1","1","WH-001/RETURNS","e15062a0-18d7-4133-9eec-b266be2f0cba","SKU-ZUGSL2-MSBN6ZOA:1","2","1","3","0","0","outbound_orders:30dcb3c8-0c8e-4db9-89e9-441e59a38718; outbound_order_lines (cascade); stock_reservations x2 (cascade); carrier_shipments / bulk_shipping_job_items (cascade); workflow_instances x1; warehouse_tasks x3; documents x0; order_manual_charges x0"
"OMS-2026-00535","SAFE","","ea58ef8b-a018-44c6-a258-133b39afd79d","shipped","952a7e82-06cf-4556-8fc2-294f0a2a24ab","OUT-2026-02333","shipped","1","1","WH-001/A/A-01","e15062a0-18d7-4133-9eec-b266be2f0cba","SKU-ZUGSL2-MSBN6ZOA:1","2","1","3","0","0","outbound_orders:952a7e82-06cf-4556-8fc2-294f0a2a24ab; outbound_order_lines (cascade); stock_reservations x2 (cascade); carrier_shipments / bulk_shipping_job_items (cascade); workflow_instances x1; warehouse_tasks x3; documents x0; order_manual_charges x0"
"OMS-2026-00536","SAFE","","cd2533e4-1ef8-42ec-b101-89e3bdafd2e8","shipped","2e7156ef-854e-4fa4-888e-306516956de8","OUT-2026-02334","shipped","1","1","WH-001/RETURNS","e15062a0-18d7-4133-9eec-b266be2f0cba","SKU-ZUGSL2-MSBN6ZOA:1","2","1","3","0","0","outbound_orders:2e7156ef-854e-4fa4-888e-306516956de8; outbound_order_lines (cascade); stock_reservations x2 (cascade); carrier_shipments / bulk_shipping_job_items (cascade); workflow_instances x1; warehouse_tasks x3; documents x0; order_manual_charges x0"
"OMS-2026-00537","SAFE","","186df3c9-b15c-4566-9c2a-b9bb8fa703b5","shipped","f26b0d66-9905-45be-9333-6651ee255d02","OUT-2026-02335","shipped","1","1","WH-001/A/A-01","e15062a0-18d7-4133-9eec-b266be2f0cba","SKU-ZUGSL2-MSBN6ZOA:1","2","1","3","0","0","outbound_orders:f26b0d66-9905-45be-9333-6651ee255d02; outbound_order_lines (cascade); stock_reservations x2 (cascade); carrier_shipments / bulk_shipping_job_items (cascade); workflow_instances x1; warehouse_tasks x3; documents x0; order_manual_charges x0"
"OMS-2026-00539","SAFE","","c9b21dd2-c9ab-4c9b-8bbd-1bc62c3ef145","shipped","188a1227-2e80-462f-a562-de9fd6e206b6","OUT-2026-02336","shipped","1","1","WH-001/RETURNS","e15062a0-18d7-4133-9eec-b266be2f0cba","SKU-ZUGSL2-MSBN6ZOA:1","2","1","3","0","0","outbound_orders:188a1227-2e80-462f-a562-de9fd6e206b6; outbound_order_lines (cascade); stock_reservations x2 (cascade); carrier_shipments / bulk_shipping_job_items (cascade); workflow_instances x1; warehouse_tasks x3; documents x0; order_manual_charges x0"
"OMS-2026-00541","SAFE","","66491132-fcda-4ebe-ae5f-d96f8475b420","shipped","02760868-4de1-4e0c-9f5b-ee17ac118d89","OUT-2026-02337","shipped","1","1","WH-001/A/A-01","e15062a0-18d7-4133-9eec-b266be2f0cba","SKU-ZUGSL2-MSBN6ZOA:1","2","1","3","0","0","outbound_orders:02760868-4de1-4e0c-9f5b-ee17ac118d89; outbound_order_lines (cascade); stock_reservations x2 (cascade); carrier_shipments / bulk_shipping_job_items (cascade); workflow_instances x1; warehouse_tasks x3; documents x0; order_manual_charges x0"
"OMS-2026-00542","SAFE","","eae74b4d-d9b2-4bd4-b99c-f0126221de3d","shipped","4dbb8188-9e05-4da4-8d61-1917b57c56eb","OUT-2026-02338","shipped","1","1","WH-001/RETURNS","e15062a0-18d7-4133-9eec-b266be2f0cba","SKU-ZUGSL2-MSBN6ZOA:1","2","1","3","0","0","outbound_orders:4dbb8188-9e05-4da4-8d61-1917b57c56eb; outbound_order_lines (cascade); stock_reservations x2 (cascade); carrier_shipments / bulk_shipping_job_items (cascade); workflow_instances x1; warehouse_tasks x3; documents x0; order_manual_charges x0"
"OMS-2026-00543","SAFE","","1e9b7ae9-7d8e-4411-aca4-e14822fdf9c2","shipped","baf84719-3d5c-4306-a585-8525eafa495b","OUT-2026-02339","shipped","1","1","WH-001/A/A-01","e15062a0-18d7-4133-9eec-b266be2f0cba","SKU-ZUGSL2-MSBN6ZOA:1","2","1","3","0","0","outbound_orders:baf84719-3d5c-4306-a585-8525eafa495b; outbound_order_lines (cascade); stock_reservations x2 (cascade); carrier_shipments / bulk_shipping_job_items (cascade); workflow_instances x1; warehouse_tasks x3; documents x0; order_manual_charges x0"
"OMS-2026-00544","SAFE","","568ab0aa-25e9-44c4-9001-642c4eb04150","shipped","de9c6cee-9544-4eec-877b-cb84a06bb108","OUT-2026-02340","shipped","1","1","WH-001/RETURNS","e15062a0-18d7-4133-9eec-b266be2f0cba","SKU-ZUGSL2-MSBN6ZOA:1","2","1","3","0","0","outbound_orders:de9c6cee-9544-4eec-877b-cb84a06bb108; outbound_order_lines (cascade); stock_reservations x2 (cascade); carrier_shipments / bulk_shipping_job_items (cascade); workflow_instances x1; warehouse_tasks x3; documents x0; order_manual_charges x0"
"OMS-2026-00545","SAFE","","1d0286f8-09bc-478f-aabb-4a8afd59fb38","shipped","ab84ab6b-4fc1-423b-8c52-817e1e155365","OUT-2026-02341","shipped","1","1","WH-001/A/A-01","e15062a0-18d7-4133-9eec-b266be2f0cba","SKU-ZUGSL2-MSBN6ZOA:1","2","1","3","0","0","outbound_orders:ab84ab6b-4fc1-423b-8c52-817e1e155365; outbound_order_lines (cascade); stock_reservations x2 (cascade); carrier_shipments / bulk_shipping_job_items (cascade); workflow_instances x1; warehouse_tasks x3; documents x0; order_manual_charges x0"
"OMS-2026-00547","SAFE","","b0af2ca8-d210-4034-9d93-602d75099f7f","shipped","9cf22a1d-fbeb-4970-acca-74ecc655e3b0","OUT-2026-02343","shipped","1","1","WH-001/RETURNS","e15062a0-18d7-4133-9eec-b266be2f0cba","SKU-ZUGSL2-MSBN6ZOA:1","2","1","3","0","0","outbound_orders:9cf22a1d-fbeb-4970-acca-74ecc655e3b0; outbound_order_lines (cascade); stock_reservations x2 (cascade); carrier_shipments / bulk_shipping_job_items (cascade); workflow_instances x1; warehouse_tasks x3; documents x0; order_manual_charges x0"
"OMS-2026-00549","SAFE","","8cb6b8e4-28ec-4eed-afd9-80c1d7c46650","shipped","bc2dd2e8-6237-4076-ae0c-b8c736fbf96e","OUT-2026-02345","shipped","1","1","WH-001/A/A-01","e15062a0-18d7-4133-9eec-b266be2f0cba","SKU-ZUGSL2-MSBN6ZOA:1","2","1","3","0","0","outbound_orders:bc2dd2e8-6237-4076-ae0c-b8c736fbf96e; outbound_order_lines (cascade); stock_reservations x2 (cascade); carrier_shipments / bulk_shipping_job_items (cascade); workflow_instances x1; warehouse_tasks x3; documents x0; order_manual_charges x0"
"OMS-2026-00556","SAFE","","c98e63f4-72e5-41f5-8bf7-ae852f34d925","shipped","222be8c9-b8b9-4c02-8dab-2a78b4791423","OUT-2026-02347","shipped","1","1","WH-001/RETURNS","e15062a0-18d7-4133-9eec-b266be2f0cba","SKU-ZUGSL2-MSBN6ZOA:1","2","1","3","0","0","outbound_orders:222be8c9-b8b9-4c02-8dab-2a78b4791423; outbound_order_lines (cascade); stock_reservations x2 (cascade); carrier_shipments / bulk_shipping_job_items (cascade); workflow_instances x1; warehouse_tasks x3; documents x0; order_manual_charges x0"
"OMS-2026-00560","SAFE","","62274a28-6990-4229-9ea1-ed9e57860737","shipped","f8270723-bd3a-4ede-ae79-98546404c73b","OUT-2026-02349","shipped","1","1","WH-001/A/A-01","e15062a0-18d7-4133-9eec-b266be2f0cba","SKU-ZUGSL2-MSBN6ZOA:1","2","1","3","0","0","outbound_orders:f8270723-bd3a-4ede-ae79-98546404c73b; outbound_order_lines (cascade); stock_reservations x2 (cascade); carrier_shipments / bulk_shipping_job_items (cascade); workflow_instances x1; warehouse_tasks x3; documents x0; order_manual_charges x0"
"OMS-2026-00567","SAFE","","5ba67800-7a1e-4dc2-9d74-364261c85f85","shipped","667c8d90-fe31-4bf9-8349-ab202bee892e","OUT-2026-02351","shipped","1","1","WH-001/RETURNS","e15062a0-18d7-4133-9eec-b266be2f0cba","SKU-ZUGSL2-MSBN6ZOA:1","2","1","3","0","0","outbound_orders:667c8d90-fe31-4bf9-8349-ab202bee892e; outbound_order_lines (cascade); stock_reservations x2 (cascade); carrier_shipments / bulk_shipping_job_items (cascade); workflow_instances x1; warehouse_tasks x3; documents x0; order_manual_charges x0"
"OMS-2026-00568","SAFE","","2d94d4ef-9b91-4c79-b05b-a18dab857852","shipped","3689e3ff-9421-4a36-976c-9170a1c8770b","OUT-2026-02353","shipped","1","1","WH-001/A/A-01","e15062a0-18d7-4133-9eec-b266be2f0cba","SKU-ZUGSL2-MSBN6ZOA:1","2","1","3","0","0","outbound_orders:3689e3ff-9421-4a36-976c-9170a1c8770b; outbound_order_lines (cascade); stock_reservations x2 (cascade); carrier_shipments / bulk_shipping_job_items (cascade); workflow_instances x1; warehouse_tasks x3; documents x0; order_manual_charges x0"
"OMS-2026-00570","SAFE","","0cf1117c-da3a-41ef-9167-0d9cf8257be6","shipped","019c686f-2b5b-44cf-a626-eafcf2f137de","OUT-2026-02355","shipped","1","1","WH-001/RETURNS","e15062a0-18d7-4133-9eec-b266be2f0cba","SKU-ZUGSL2-MSBN6ZOA:1","2","1","3","0","0","outbound_orders:019c686f-2b5b-44cf-a626-eafcf2f137de; outbound_order_lines (cascade); stock_reservations x2 (cascade); carrier_shipments / bulk_shipping_job_items (cascade); workflow_instances x1; warehouse_tasks x3; documents x0; order_manual_charges x0"
"OMS-2026-00574","SAFE","","4eed9d4b-308d-4e26-beca-a98423b4baf6","shipped","3ca572d8-aa61-4d40-8fa8-276d84c6eea7","OUT-2026-02357","shipped","1","1","WH-001/A/A-01","e15062a0-18d7-4133-9eec-b266be2f0cba","SKU-ZUGSL2-MSBN6ZOA:1","2","1","3","0","0","outbound_orders:3ca572d8-aa61-4d40-8fa8-276d84c6eea7; outbound_order_lines (cascade); stock_reservations x2 (cascade); carrier_shipments / bulk_shipping_job_items (cascade); workflow_instances x1; warehouse_tasks x3; documents x0; order_manual_charges x0"
"OMS-2026-00577","SAFE","","f310a120-8114-4cb6-9776-eaf8ef7e46ec","shipped","c94aaa5b-2416-4cc6-99f7-ac3787c5adb0","OUT-2026-02359","shipped","1","1","WH-001/RETURNS","e15062a0-18d7-4133-9eec-b266be2f0cba","SKU-ZUGSL2-MSBN6ZOA:1","2","1","3","0","0","outbound_orders:c94aaa5b-2416-4cc6-99f7-ac3787c5adb0; outbound_order_lines (cascade); stock_reservations x2 (cascade); carrier_shipments / bulk_shipping_job_items (cascade); workflow_instances x1; warehouse_tasks x3; documents x0; order_manual_charges x0"
"OMS-2026-00578","SAFE","","c5dfda10-d018-416b-8e14-200860fe9cee","shipped","3f97b793-cf28-402a-a482-46c78acfab14","OUT-2026-02361","shipped","1","1","WH-001/A/A-01","e15062a0-18d7-4133-9eec-b266be2f0cba","SKU-ZUGSL2-MSBN6ZOA:1","2","1","3","0","0","outbound_orders:3f97b793-cf28-402a-a482-46c78acfab14; outbound_order_lines (cascade); stock_reservations x2 (cascade); carrier_shipments / bulk_shipping_job_items (cascade); workflow_instances x1; warehouse_tasks x3; documents x0; order_manual_charges x0"
"OMS-2026-00583","SAFE","","d3264a6f-2402-458e-9f43-669d451a90a8","shipped","f2c2299e-1b08-4fac-9cc8-2585074c1b2f","OUT-2026-02363","shipped","1","1","WH-001/RETURNS","e15062a0-18d7-4133-9eec-b266be2f0cba","SKU-ZUGSL2-MSBN6ZOA:1","2","1","3","0","0","outbound_orders:f2c2299e-1b08-4fac-9cc8-2585074c1b2f; outbound_order_lines (cascade); stock_reservations x2 (cascade); carrier_shipments / bulk_shipping_job_items (cascade); workflow_instances x1; warehouse_tasks x3; documents x0; order_manual_charges x0"
"OMS-2026-00587","SAFE","","007e4c4e-13f0-4dac-bb43-8aa8b912a36c","shipped","72c41a08-c720-4c97-82a7-42be5d0d774d","OUT-2026-02365","shipped","1","1","WH-001/A/A-01","e15062a0-18d7-4133-9eec-b266be2f0cba","SKU-ZUGSL2-MSBN6ZOA:1","2","1","3","0","0","outbound_orders:72c41a08-c720-4c97-82a7-42be5d0d774d; outbound_order_lines (cascade); stock_reservations x2 (cascade); carrier_shipments / bulk_shipping_job_items (cascade); workflow_instances x1; warehouse_tasks x3; documents x0; order_manual_charges x0"
"OMS-2026-00588","SAFE","","644723af-d9ed-4e90-84ae-5504ec86e24a","shipped","6c27aa55-1173-447f-9007-4cb2a2405861","OUT-2026-02367","shipped","1","1","WH-001/RETURNS","e15062a0-18d7-4133-9eec-b266be2f0cba","SKU-ZUGSL2-MSBN6ZOA:1","2","1","3","0","0","outbound_orders:6c27aa55-1173-447f-9007-4cb2a2405861; outbound_order_lines (cascade); stock_reservations x2 (cascade); carrier_shipments / bulk_shipping_job_items (cascade); workflow_instances x1; warehouse_tasks x3; documents x0; order_manual_charges x0"
"OMS-2026-00592","SAFE","","766124eb-09f6-4e8f-93b1-c0f48984fc11","shipped","4fa3b558-da68-466d-8e79-c1011a4d12ca","OUT-2026-02369","shipped","1","1","WH-001/A/A-01","e15062a0-18d7-4133-9eec-b266be2f0cba","SKU-ZUGSL2-MSBN6ZOA:1","2","1","3","0","0","outbound_orders:4fa3b558-da68-466d-8e79-c1011a4d12ca; outbound_order_lines (cascade); stock_reservations x2 (cascade); carrier_shipments / bulk_shipping_job_items (cascade); workflow_instances x1; warehouse_tasks x3; documents x0; order_manual_charges x0"
"OMS-2026-00594","SAFE","","e7d879ba-3cbb-4d7c-9731-912b8d1fab84","shipped","3730a479-632f-428a-a4e1-ee30367d7fc1","OUT-2026-02371","shipped","1","1","WH-001/RETURNS","e15062a0-18d7-4133-9eec-b266be2f0cba","SKU-ZUGSL2-MSBN6ZOA:1","2","1","3","0","0","outbound_orders:3730a479-632f-428a-a4e1-ee30367d7fc1; outbound_order_lines (cascade); stock_reservations x2 (cascade); carrier_shipments / bulk_shipping_job_items (cascade); workflow_instances x1; warehouse_tasks x3; documents x0; order_manual_charges x0"
"OMS-2026-00595","SAFE","","9a6842ef-bd76-47d6-a745-33b418c027b8","shipped","c24e8f5d-cd6d-4e7d-8294-1c3967d36161","OUT-2026-02373","shipped","1","1","WH-001/A/A-01","e15062a0-18d7-4133-9eec-b266be2f0cba","SKU-ZUGSL2-MSBN6ZOA:1","2","1","3","0","0","outbound_orders:c24e8f5d-cd6d-4e7d-8294-1c3967d36161; outbound_order_lines (cascade); stock_reservations x2 (cascade); carrier_shipments / bulk_shipping_job_items (cascade); workflow_instances x1; warehouse_tasks x3; documents x0; order_manual_charges x0"
"OMS-2026-00597","SAFE","","9ae61094-f021-4bfb-8138-5e5698c07a3c","shipped","4562a352-ce53-4131-8c74-48094a463909","OUT-2026-02375","shipped","1","1","WH-001/RETURNS","e15062a0-18d7-4133-9eec-b266be2f0cba","SKU-ZUGSL2-MSBN6ZOA:1","2","1","3","0","0","outbound_orders:4562a352-ce53-4131-8c74-48094a463909; outbound_order_lines (cascade); stock_reservations x2 (cascade); carrier_shipments / bulk_shipping_job_items (cascade); workflow_instances x1; warehouse_tasks x3; documents x0; order_manual_charges x0"
"OMS-2026-00598","SAFE","","ef485665-b067-49f6-89ce-3906664a3dc3","shipped","db27aa8d-a561-4cb3-8694-e38f116f8c3e","OUT-2026-02377","shipped","1","1","WH-001/A/A-01","e15062a0-18d7-4133-9eec-b266be2f0cba","SKU-ZUGSL2-MSBN6ZOA:1","2","1","3","0","0","outbound_orders:db27aa8d-a561-4cb3-8694-e38f116f8c3e; outbound_order_lines (cascade); stock_reservations x2 (cascade); carrier_shipments / bulk_shipping_job_items (cascade); workflow_instances x1; warehouse_tasks x3; documents x0; order_manual_charges x0"
"OMS-2026-00599","SAFE","","a3d917ac-8889-4d35-8e8a-a70778e58bb3","shipped","514450e6-0144-49c9-9990-2d81b4a1d1a0","OUT-2026-02379","shipped","1","1","WH-001/RETURNS","e15062a0-18d7-4133-9eec-b266be2f0cba","SKU-ZUGSL2-MSBN6ZOA:1","2","1","3","0","0","outbound_orders:514450e6-0144-49c9-9990-2d81b4a1d1a0; outbound_order_lines (cascade); stock_reservations x2 (cascade); carrier_shipments / bulk_shipping_job_items (cascade); workflow_instances x1; warehouse_tasks x3; documents x0; order_manual_charges x0"
"OMS-2026-00600","SAFE","","457ac804-ff93-47c4-bb83-6c41899e2b7b","shipped","5fef9030-e45b-4581-93ea-17f8ebe6730f","OUT-2026-02381","shipped","1","1","WH-001/A/A-01","e15062a0-18d7-4133-9eec-b266be2f0cba","SKU-ZUGSL2-MSBN6ZOA:1","2","1","3","0","0","outbound_orders:5fef9030-e45b-4581-93ea-17f8ebe6730f; outbound_order_lines (cascade); stock_reservations x2 (cascade); carrier_shipments / bulk_shipping_job_items (cascade); workflow_instances x1; warehouse_tasks x3; documents x0; order_manual_charges x0"
"OMS-2026-00603","SAFE","","bd748aa4-abc5-4ac8-822f-a60d12d72225","shipped","75983902-ac60-4224-a401-c40befb8acf0","OUT-2026-02382","shipped","1","1","WH-001/RETURNS","e15062a0-18d7-4133-9eec-b266be2f0cba","SKU-ZUGSL2-MSBN6ZOA:1","2","1","3","0","0","outbound_orders:75983902-ac60-4224-a401-c40befb8acf0; outbound_order_lines (cascade); stock_reservations x2 (cascade); carrier_shipments / bulk_shipping_job_items (cascade); workflow_instances x1; warehouse_tasks x3; documents x0; order_manual_charges x0"
"OMS-2026-00609","SAFE","","e3071832-38e0-4339-b702-89e434a347d1","shipped","e5dbd2b2-9492-4e9c-85ed-c21a3634530f","OUT-2026-02383","shipped","1","1","WH-001/A/A-01","e15062a0-18d7-4133-9eec-b266be2f0cba","SKU-ZUGSL2-MSBN6ZOA:1","2","1","3","0","0","outbound_orders:e5dbd2b2-9492-4e9c-85ed-c21a3634530f; outbound_order_lines (cascade); stock_reservations x2 (cascade); carrier_shipments / bulk_shipping_job_items (cascade); workflow_instances x1; warehouse_tasks x3; documents x0; order_manual_charges x0"
"OMS-2026-00610","SAFE","","966a73ae-c296-462c-a835-1b417a5fdda0","shipped","0edf3e82-25ed-4c55-bea4-8deb29826538","OUT-2026-02384","shipped","1","1","WH-001/RETURNS","e15062a0-18d7-4133-9eec-b266be2f0cba","SKU-ZUGSL2-MSBN6ZOA:1","2","1","3","0","0","outbound_orders:0edf3e82-25ed-4c55-bea4-8deb29826538; outbound_order_lines (cascade); stock_reservations x2 (cascade); carrier_shipments / bulk_shipping_job_items (cascade); workflow_instances x1; warehouse_tasks x3; documents x0; order_manual_charges x0"
"OMS-2026-00611","SAFE","","08f5355d-53ea-42ea-8dd2-a978c43d4112","shipped","c4a45dc2-13ee-48e8-b659-f0a6b9a9ef5f","OUT-2026-02385","shipped","1","1","WH-001/A/A-01","e15062a0-18d7-4133-9eec-b266be2f0cba","SKU-ZUGSL2-MSBN6ZOA:1","2","1","3","0","0","outbound_orders:c4a45dc2-13ee-48e8-b659-f0a6b9a9ef5f; outbound_order_lines (cascade); stock_reservations x2 (cascade); carrier_shipments / bulk_shipping_job_items (cascade); workflow_instances x1; warehouse_tasks x3; documents x0; order_manual_charges x0"
"OMS-2026-00612","SAFE","","f77a8911-ced8-42d3-8860-e9ce594e9e79","shipped","da9e5244-8159-4d68-86f1-b770a3606303","OUT-2026-02386","shipped","1","1","WH-001/RETURNS","e15062a0-18d7-4133-9eec-b266be2f0cba","SKU-ZUGSL2-MSBN6ZOA:1","2","1","3","0","0","outbound_orders:da9e5244-8159-4d68-86f1-b770a3606303; outbound_order_lines (cascade); stock_reservations x2 (cascade); carrier_shipments / bulk_shipping_job_items (cascade); workflow_instances x1; warehouse_tasks x3; documents x0; order_manual_charges x0"
"OMS-2026-00613","SAFE","","6a51f0f0-7ce6-44f7-b9f0-b22b2b0acc26","shipped","bde1ddef-66c5-4f8a-bf69-3a1293688c07","OUT-2026-02387","shipped","1","1","WH-001/A/A-01","e15062a0-18d7-4133-9eec-b266be2f0cba","SKU-ZUGSL2-MSBN6ZOA:1","2","1","3","0","0","outbound_orders:bde1ddef-66c5-4f8a-bf69-3a1293688c07; outbound_order_lines (cascade); stock_reservations x2 (cascade); carrier_shipments / bulk_shipping_job_items (cascade); workflow_instances x1; warehouse_tasks x3; documents x0; order_manual_charges x0"
"OMS-2026-00614","SAFE","","c6131e86-3920-4196-9e7e-3197a97d2de3","shipped","9b381010-4f98-4326-8e62-f1b7470043e9","OUT-2026-02388","shipped","1","1","WH-001/RETURNS","e15062a0-18d7-4133-9eec-b266be2f0cba","SKU-ZUGSL2-MSBN6ZOA:1","2","1","3","0","0","outbound_orders:9b381010-4f98-4326-8e62-f1b7470043e9; outbound_order_lines (cascade); stock_reservations x2 (cascade); carrier_shipments / bulk_shipping_job_items (cascade); workflow_instances x1; warehouse_tasks x3; documents x0; order_manual_charges x0"
"OMS-2026-00615","SAFE","","cfb67bdd-5981-4fd3-9f85-1479fa31bd95","shipped","a561989f-f9a4-4cfc-a595-d9f50dedcee6","OUT-2026-02389","shipped","1","1","WH-001/A/A-01","e15062a0-18d7-4133-9eec-b266be2f0cba","SKU-ZUGSL2-MSBN6ZOA:1","2","1","3","0","0","outbound_orders:a561989f-f9a4-4cfc-a595-d9f50dedcee6; outbound_order_lines (cascade); stock_reservations x2 (cascade); carrier_shipments / bulk_shipping_job_items (cascade); workflow_instances x1; warehouse_tasks x3; documents x0; order_manual_charges x0"
"OMS-2026-00616","SAFE","","736bc166-59a4-426d-8b16-c8a5019bd7f7","shipped","91e0436e-728c-4be6-a02d-e3fba59f6e85","OUT-2026-02390","shipped","1","1","WH-001/RETURNS","e15062a0-18d7-4133-9eec-b266be2f0cba","SKU-ZUGSL2-MSBN6ZOA:1","2","1","3","0","0","outbound_orders:91e0436e-728c-4be6-a02d-e3fba59f6e85; outbound_order_lines (cascade); stock_reservations x2 (cascade); carrier_shipments / bulk_shipping_job_items (cascade); workflow_instances x1; warehouse_tasks x3; documents x0; order_manual_charges x0"
"OMS-2026-00617","SAFE","","858d112c-b38d-4913-a3c4-0d998427373a","shipped","339da6f6-5582-458a-a6cb-b51f27b1ceb8","OUT-2026-02391","shipped","1","1","WH-001/A/A-01","e15062a0-18d7-4133-9eec-b266be2f0cba","SKU-ZUGSL2-MSBN6ZOA:1","2","1","3","0","0","outbound_orders:339da6f6-5582-458a-a6cb-b51f27b1ceb8; outbound_order_lines (cascade); stock_reservations x2 (cascade); carrier_shipments / bulk_shipping_job_items (cascade); workflow_instances x1; warehouse_tasks x3; documents x0; order_manual_charges x0"
"OMS-2026-00618","SAFE","","4b4313e7-2ed6-4c7f-a05d-c097f1ba3840","shipped","4c6d612a-9b1e-463f-9f7a-fc68e7126273","OUT-2026-02392","shipped","1","1","WH-001/RETURNS","e15062a0-18d7-4133-9eec-b266be2f0cba","SKU-ZUGSL2-MSBN6ZOA:1","2","1","3","0","0","outbound_orders:4c6d612a-9b1e-463f-9f7a-fc68e7126273; outbound_order_lines (cascade); stock_reservations x2 (cascade); carrier_shipments / bulk_shipping_job_items (cascade); workflow_instances x1; warehouse_tasks x3; documents x0; order_manual_charges x0"
"OMS-2026-00619","SAFE","","aaabb5be-957f-4234-b52c-0b87e7958f9e","shipped","f87b40a7-e543-4419-8108-30f28503b8be","OUT-2026-02393","shipped","1","1","WH-001/A/A-01","e15062a0-18d7-4133-9eec-b266be2f0cba","SKU-ZUGSL2-MSBN6ZOA:1","2","1","3","0","0","outbound_orders:f87b40a7-e543-4419-8108-30f28503b8be; outbound_order_lines (cascade); stock_reservations x2 (cascade); carrier_shipments / bulk_shipping_job_items (cascade); workflow_instances x1; warehouse_tasks x3; documents x0; order_manual_charges x0"
"OMS-2026-00620","SAFE","","76144142-063a-445b-8577-9cdf4f7a954f","shipped","be25b01d-fd64-4b25-ab88-f52a969be90e","OUT-2026-02394","shipped","1","1","WH-001/RETURNS","e15062a0-18d7-4133-9eec-b266be2f0cba","SKU-ZUGSL2-MSBN6ZOA:1","2","1","3","0","0","outbound_orders:be25b01d-fd64-4b25-ab88-f52a969be90e; outbound_order_lines (cascade); stock_reservations x2 (cascade); carrier_shipments / bulk_shipping_job_items (cascade); workflow_instances x1; warehouse_tasks x3; documents x0; order_manual_charges x0"
"OMS-2026-00622","SAFE","","4f27eb4f-c787-4e88-bccd-f3641336d250","shipped","34df9ab5-036f-4813-be5a-5c29237b71ca","OUT-2026-02395","shipped","1","1","WH-001/A/A-01","e15062a0-18d7-4133-9eec-b266be2f0cba","SKU-ZUGSL2-MSBN6ZOA:1","2","1","3","0","0","outbound_orders:34df9ab5-036f-4813-be5a-5c29237b71ca; outbound_order_lines (cascade); stock_reservations x2 (cascade); carrier_shipments / bulk_shipping_job_items (cascade); workflow_instances x1; warehouse_tasks x3; documents x0; order_manual_charges x0"
"OMS-2026-00623","SAFE","","e1f6f54c-4836-4db5-8297-5ebd36299d61","shipped","50d59006-41a9-4ef9-87c3-96d8c1165ea3","OUT-2026-02396","shipped","1","1","WH-001/RETURNS","e15062a0-18d7-4133-9eec-b266be2f0cba","SKU-ZUGSL2-MSBN6ZOA:1","2","1","3","0","0","outbound_orders:50d59006-41a9-4ef9-87c3-96d8c1165ea3; outbound_order_lines (cascade); stock_reservations x2 (cascade); carrier_shipments / bulk_shipping_job_items (cascade); workflow_instances x1; warehouse_tasks x3; documents x0; order_manual_charges x0"
"OMS-2026-00624","SAFE","","3e3be04a-6b35-413b-9c65-241ba82e339e","shipped","88fdd100-3ddc-4369-809b-4198ea97ff31","OUT-2026-02397","shipped","1","1","WH-001/A/A-01","e15062a0-18d7-4133-9eec-b266be2f0cba","SKU-ZUGSL2-MSBN6ZOA:1","2","1","3","0","0","outbound_orders:88fdd100-3ddc-4369-809b-4198ea97ff31; outbound_order_lines (cascade); stock_reservations x2 (cascade); carrier_shipments / bulk_shipping_job_items (cascade); workflow_instances x1; warehouse_tasks x3; documents x0; order_manual_charges x0"
"OMS-2026-00625","SAFE","","f9a0dc49-9edf-4ec3-b731-d3152065afa5","shipped","c17bd9c4-3b7c-4be0-a3bd-dc2795b40332","OUT-2026-02398","shipped","1","1","WH-001/RETURNS","e15062a0-18d7-4133-9eec-b266be2f0cba","SKU-ZUGSL2-MSBN6ZOA:1","2","1","3","0","0","outbound_orders:c17bd9c4-3b7c-4be0-a3bd-dc2795b40332; outbound_order_lines (cascade); stock_reservations x2 (cascade); carrier_shipments / bulk_shipping_job_items (cascade); workflow_instances x1; warehouse_tasks x3; documents x0; order_manual_charges x0"
"OMS-2026-00626","SAFE","","5bd5ccd3-8ea8-4c7a-9d32-f2dca3645cba","shipped","0142aa29-9e1a-49e6-b916-0789a1dc8ac8","OUT-2026-02399","shipped","1","1","WH-001/A/A-01","e15062a0-18d7-4133-9eec-b266be2f0cba","SKU-ZUGSL2-MSBN6ZOA:1","2","1","3","0","0","outbound_orders:0142aa29-9e1a-49e6-b916-0789a1dc8ac8; outbound_order_lines (cascade); stock_reservations x2 (cascade); carrier_shipments / bulk_shipping_job_items (cascade); workflow_instances x1; warehouse_tasks x3; documents x0; order_manual_charges x0"
"OMS-2026-00628","SAFE","","5194927c-ae75-4380-8789-08e562718624","shipped","7f777624-540b-4963-bcd1-5899f93b4995","OUT-2026-02400","shipped","1","1","WH-001/RETURNS","e15062a0-18d7-4133-9eec-b266be2f0cba","SKU-ZUGSL2-MSBN6ZOA:1","2","1","3","0","0","outbound_orders:7f777624-540b-4963-bcd1-5899f93b4995; outbound_order_lines (cascade); stock_reservations x2 (cascade); carrier_shipments / bulk_shipping_job_items (cascade); workflow_instances x1; warehouse_tasks x3; documents x0; order_manual_charges x0"
"OMS-2026-00629","SAFE","","6e4872a9-fb2e-4c1f-aafc-f96f95c449cd","shipped","47a68ec0-107b-4bf3-a8b7-6907d3bc4e24","OUT-2026-02401","shipped","1","1","WH-001/A/A-01","e15062a0-18d7-4133-9eec-b266be2f0cba","SKU-ZUGSL2-MSBN6ZOA:1","2","1","3","0","0","outbound_orders:47a68ec0-107b-4bf3-a8b7-6907d3bc4e24; outbound_order_lines (cascade); stock_reservations x2 (cascade); carrier_shipments / bulk_shipping_job_items (cascade); workflow_instances x1; warehouse_tasks x3; documents x0; order_manual_charges x0"
"OMS-2026-00630","SAFE","","b367337e-e039-4a5a-8925-bab419854cdf","shipped","f68f2486-7021-436d-bae0-d4a3486d1cfc","OUT-2026-02402","shipped","1","1","WH-001/RETURNS","e15062a0-18d7-4133-9eec-b266be2f0cba","SKU-ZUGSL2-MSBN6ZOA:1","2","1","3","0","0","outbound_orders:f68f2486-7021-436d-bae0-d4a3486d1cfc; outbound_order_lines (cascade); stock_reservations x2 (cascade); carrier_shipments / bulk_shipping_job_items (cascade); workflow_instances x1; warehouse_tasks x3; documents x0; order_manual_charges x0"
"OMS-2026-00631","SAFE","","f11a45d9-3f9e-432a-8be6-19c093dc32c1","shipped","9d97fd8f-f238-4beb-9fbb-886a3fbfead2","OUT-2026-02403","shipped","1","1","WH-001/A/A-01","e15062a0-18d7-4133-9eec-b266be2f0cba","SKU-ZUGSL2-MSBN6ZOA:1","2","1","3","0","0","outbound_orders:9d97fd8f-f238-4beb-9fbb-886a3fbfead2; outbound_order_lines (cascade); stock_reservations x2 (cascade); carrier_shipments / bulk_shipping_job_items (cascade); workflow_instances x1; warehouse_tasks x3; documents x0; order_manual_charges x0"
"OMS-2026-00633","SAFE","","a3bff82d-48e9-4234-b11f-3b392508609a","shipped","ce1e2794-28c6-44b8-8388-16f71961a382","OUT-2026-02404","shipped","1","1","WH-001/A/A-01","e15062a0-18d7-4133-9eec-b266be2f0cba","SKU-ZUGSL2-MSBN6ZOA:1","2","1","3","0","0","outbound_orders:ce1e2794-28c6-44b8-8388-16f71961a382; outbound_order_lines (cascade); stock_reservations x2 (cascade); carrier_shipments / bulk_shipping_job_items (cascade); workflow_instances x1; warehouse_tasks x3; documents x0; order_manual_charges x0"
"OMS-2026-00634","SAFE","","98029a59-fa79-4d9b-a3fe-f772a8659384","shipped","00a9443d-c0ae-4fc2-b979-4d5792451e20","OUT-2026-02405","shipped","1","1","WH-001/A/A-01","e15062a0-18d7-4133-9eec-b266be2f0cba","SKU-ZUGSL2-MSBN6ZOA:1","2","1","3","0","0","outbound_orders:00a9443d-c0ae-4fc2-b979-4d5792451e20; outbound_order_lines (cascade); stock_reservations x2 (cascade); carrier_shipments / bulk_shipping_job_items (cascade); workflow_instances x1; warehouse_tasks x3; documents x0; order_manual_charges x0"
"OMS-2026-00635","SAFE","","6b03373d-06f7-4304-8e45-052f7edacfa0","shipped","8cac9d4f-faa7-4d3e-a29c-5805138490fa","OUT-2026-02406","shipped","1","1","WH-001/A/A-01","e15062a0-18d7-4133-9eec-b266be2f0cba","SKU-ZUGSL2-MSBN6ZOA:1","2","1","3","0","0","outbound_orders:8cac9d4f-faa7-4d3e-a29c-5805138490fa; outbound_order_lines (cascade); stock_reservations x2 (cascade); carrier_shipments / bulk_shipping_job_items (cascade); workflow_instances x1; warehouse_tasks x3; documents x0; order_manual_charges x0"
"OMS-2026-00637","SAFE","","7cc6f8bb-d628-4263-a0b4-d89272afe2bc","shipped","0b360f27-59d9-47cd-a660-3d433480d52b","OUT-2026-02407","shipped","1","1","WH-001/A/A-01","e15062a0-18d7-4133-9eec-b266be2f0cba","SKU-ZUGSL2-MSBN6ZOA:1","2","1","3","0","0","outbound_orders:0b360f27-59d9-47cd-a660-3d433480d52b; outbound_order_lines (cascade); stock_reservations x2 (cascade); carrier_shipments / bulk_shipping_job_items (cascade); workflow_instances x1; warehouse_tasks x3; documents x0; order_manual_charges x0"
"OMS-2026-00638","SAFE","","ffd12d46-a2cf-4663-80d8-7668285e12f8","shipped","10ab592b-5b35-4904-b1ee-53c97e703071","OUT-2026-02408","shipped","1","1","WH-001/A/A-01","e15062a0-18d7-4133-9eec-b266be2f0cba","SKU-ZUGSL2-MSBN6ZOA:1","2","1","3","0","0","outbound_orders:10ab592b-5b35-4904-b1ee-53c97e703071; outbound_order_lines (cascade); stock_reservations x2 (cascade); carrier_shipments / bulk_shipping_job_items (cascade); workflow_instances x1; warehouse_tasks x3; documents x0; order_manual_charges x0"
"OMS-2026-00639","SAFE","","71857bd6-f98e-406e-907c-d2459433df9c","shipped","7e3ebcc6-a3fe-4cf2-a1f2-b32b3a71f7ef","OUT-2026-02409","shipped","1","1","WH-001/A/A-01","e15062a0-18d7-4133-9eec-b266be2f0cba","SKU-ZUGSL2-MSBN6ZOA:1","2","1","3","0","0","outbound_orders:7e3ebcc6-a3fe-4cf2-a1f2-b32b3a71f7ef; outbound_order_lines (cascade); stock_reservations x2 (cascade); carrier_shipments / bulk_shipping_job_items (cascade); workflow_instances x1; warehouse_tasks x3; documents x0; order_manual_charges x0"
"OMS-2026-00640","SAFE","","9e9c1e91-0c0f-4843-8b8a-637d833a68d7","shipped","1d414fec-66e0-4c89-8045-e38cafa46b6e","OUT-2026-02410","shipped","1","1","WH-001/A/A-01","e15062a0-18d7-4133-9eec-b266be2f0cba","SKU-ZUGSL2-MSBN6ZOA:1","2","1","3","0","0","outbound_orders:1d414fec-66e0-4c89-8045-e38cafa46b6e; outbound_order_lines (cascade); stock_reservations x2 (cascade); carrier_shipments / bulk_shipping_job_items (cascade); workflow_instances x1; warehouse_tasks x3; documents x0; order_manual_charges x0"
"OMS-2026-00641","SAFE","","4e01b751-7dc7-4b53-bbd3-46df0cb59c08","shipped","e8b51963-e4d9-4762-92d0-f49bb6f839ad","OUT-2026-02411","shipped","1","1","WH-001/A/A-01","e15062a0-18d7-4133-9eec-b266be2f0cba","SKU-ZUGSL2-MSBN6ZOA:1","2","1","3","0","0","outbound_orders:e8b51963-e4d9-4762-92d0-f49bb6f839ad; outbound_order_lines (cascade); stock_reservations x2 (cascade); carrier_shipments / bulk_shipping_job_items (cascade); workflow_instances x1; warehouse_tasks x3; documents x0; order_manual_charges x0"
"OMS-2026-00642","SAFE","","91956e38-fb97-4a6d-80ae-242ebe601df2","shipped","f37b369e-dcb3-4216-95ce-29d692642204","OUT-2026-02412","shipped","1","1","WH-001/A/A-01","e15062a0-18d7-4133-9eec-b266be2f0cba","SKU-ZUGSL2-MSBN6ZOA:1","2","1","3","0","0","outbound_orders:f37b369e-dcb3-4216-95ce-29d692642204; outbound_order_lines (cascade); stock_reservations x2 (cascade); carrier_shipments / bulk_shipping_job_items (cascade); workflow_instances x1; warehouse_tasks x3; documents x0; order_manual_charges x0"
"OMS-2026-00643","SAFE","","078b804b-f224-4dc2-85fa-ccaa745e9824","shipped","0f7c8e36-8a81-4933-a06c-9947ec056392","OUT-2026-02413","shipped","1","1","WH-001/A/A-01","e15062a0-18d7-4133-9eec-b266be2f0cba","SKU-ZUGSL2-MSBN6ZOA:1","2","1","3","0","0","outbound_orders:0f7c8e36-8a81-4933-a06c-9947ec056392; outbound_order_lines (cascade); stock_reservations x2 (cascade); carrier_shipments / bulk_shipping_job_items (cascade); workflow_instances x1; warehouse_tasks x3; documents x0; order_manual_charges x0"
"OMS-2026-00646","SAFE","","2fd0d900-188f-4648-8d28-02afa279b2cd","shipped","82e32a87-bbce-4989-8ec5-a2e374e20686","OUT-2026-02414","shipped","1","1","WH-001/A/A-01","e15062a0-18d7-4133-9eec-b266be2f0cba","SKU-ZUGSL2-MSBN6ZOA:1","2","1","3","0","0","outbound_orders:82e32a87-bbce-4989-8ec5-a2e374e20686; outbound_order_lines (cascade); stock_reservations x2 (cascade); carrier_shipments / bulk_shipping_job_items (cascade); workflow_instances x1; warehouse_tasks x3; documents x0; order_manual_charges x0"
"OMS-2026-00647","SAFE","","255c19e4-4473-40dc-9d2c-94594444b96f","shipped","3efe0845-a8c5-4369-a50e-5687ef87b361","OUT-2026-02415","shipped","1","1","WH-001/A/A-01","e15062a0-18d7-4133-9eec-b266be2f0cba","SKU-ZUGSL2-MSBN6ZOA:1","2","1","3","0","0","outbound_orders:3efe0845-a8c5-4369-a50e-5687ef87b361; outbound_order_lines (cascade); stock_reservations x2 (cascade); carrier_shipments / bulk_shipping_job_items (cascade); workflow_instances x1; warehouse_tasks x3; documents x0; order_manual_charges x0"
"OMS-2026-00650","SAFE","","a9f076da-4a5b-4900-bcc5-f05f7d84885e","shipped","b5831cf1-e6d4-4f8a-90bb-69ae4def5b3a","OUT-2026-02416","shipped","1","1","WH-001/A/A-01","e15062a0-18d7-4133-9eec-b266be2f0cba","SKU-ZUGSL2-MSBN6ZOA:1","2","1","3","0","0","outbound_orders:b5831cf1-e6d4-4f8a-90bb-69ae4def5b3a; outbound_order_lines (cascade); stock_reservations x2 (cascade); carrier_shipments / bulk_shipping_job_items (cascade); workflow_instances x1; warehouse_tasks x3; documents x0; order_manual_charges x0"
"OMS-2026-00651","SAFE","","97e00870-2e5c-4b71-b25b-caa73229ffb8","shipped","d112c114-76ce-4dcf-8b56-764c73564d6e","OUT-2026-02417","shipped","1","1","WH-001/A/A-01","e15062a0-18d7-4133-9eec-b266be2f0cba","SKU-ZUGSL2-MSBN6ZOA:1","2","1","3","0","0","outbound_orders:d112c114-76ce-4dcf-8b56-764c73564d6e; outbound_order_lines (cascade); stock_reservations x2 (cascade); carrier_shipments / bulk_shipping_job_items (cascade); workflow_instances x1; warehouse_tasks x3; documents x0; order_manual_charges x0"
"OMS-2026-00652","SAFE","","35b7fad2-2a5e-4ca5-8000-77b7745fc45f","shipped","11b9e03c-3f65-4d0b-9ec6-c23b35090537","OUT-2026-02418","shipped","1","1","WH-001/A/A-01","e15062a0-18d7-4133-9eec-b266be2f0cba","SKU-ZUGSL2-MSBN6ZOA:1","2","1","3","0","0","outbound_orders:11b9e03c-3f65-4d0b-9ec6-c23b35090537; outbound_order_lines (cascade); stock_reservations x2 (cascade); carrier_shipments / bulk_shipping_job_items (cascade); workflow_instances x1; warehouse_tasks x3; documents x0; order_manual_charges x0"
"OMS-2026-00655","SAFE","","2953523b-e972-4a11-b952-38484bec2005","shipped","d44c3e98-8d62-4984-ad02-1a0752e711d8","OUT-2026-02419","shipped","1","1","WH-001/A/A-01","e15062a0-18d7-4133-9eec-b266be2f0cba","SKU-ZUGSL2-MSBN6ZOA:1","2","1","3","0","0","outbound_orders:d44c3e98-8d62-4984-ad02-1a0752e711d8; outbound_order_lines (cascade); stock_reservations x2 (cascade); carrier_shipments / bulk_shipping_job_items (cascade); workflow_instances x1; warehouse_tasks x3; documents x0; order_manual_charges x0"
"OMS-2026-00656","SAFE","","367aba11-ea0b-4e61-9e83-c39eeb58af91","shipped","7e0b38a4-ff0e-41c4-b5be-2da78893219a","OUT-2026-02420","shipped","1","1","WH-001/A/A-01","e15062a0-18d7-4133-9eec-b266be2f0cba","SKU-ZUGSL2-MSBN6ZOA:1","2","1","3","0","0","outbound_orders:7e0b38a4-ff0e-41c4-b5be-2da78893219a; outbound_order_lines (cascade); stock_reservations x2 (cascade); carrier_shipments / bulk_shipping_job_items (cascade); workflow_instances x1; warehouse_tasks x3; documents x0; order_manual_charges x0"
"OMS-2026-00657","SAFE","","6e6fd0ba-037b-486b-b1a7-3c13b82673c8","shipped","ad7081c4-f531-41ea-81b6-c0e2265b803e","OUT-2026-02421","shipped","1","1","WH-001/A/A-01","e15062a0-18d7-4133-9eec-b266be2f0cba","SKU-ZUGSL2-MSBN6ZOA:1","2","1","3","0","0","outbound_orders:ad7081c4-f531-41ea-81b6-c0e2265b803e; outbound_order_lines (cascade); stock_reservations x2 (cascade); carrier_shipments / bulk_shipping_job_items (cascade); workflow_instances x1; warehouse_tasks x3; documents x0; order_manual_charges x0"
"OMS-2026-00658","SAFE","","34ed675e-d3cc-4bea-a327-ef713927b83a","shipped","ee1da61a-99db-4464-9312-27b86171d96b","OUT-2026-02422","shipped","1","1","WH-001/A/A-01","e15062a0-18d7-4133-9eec-b266be2f0cba","SKU-ZUGSL2-MSBN6ZOA:1","2","1","3","0","0","outbound_orders:ee1da61a-99db-4464-9312-27b86171d96b; outbound_order_lines (cascade); stock_reservations x2 (cascade); carrier_shipments / bulk_shipping_job_items (cascade); workflow_instances x1; warehouse_tasks x3; documents x0; order_manual_charges x0"
"OMS-2026-00659","SAFE","","62bab5cf-f624-45f7-919f-b359ff383bc3","shipped","67755a1d-9f96-486e-bdf5-e591c8c683cd","OUT-2026-02423","shipped","1","1","WH-001/A/A-01","e15062a0-18d7-4133-9eec-b266be2f0cba","SKU-ZUGSL2-MSBN6ZOA:1","2","1","3","0","0","outbound_orders:67755a1d-9f96-486e-bdf5-e591c8c683cd; outbound_order_lines (cascade); stock_reservations x2 (cascade); carrier_shipments / bulk_shipping_job_items (cascade); workflow_instances x1; warehouse_tasks x3; documents x0; order_manual_charges x0"
"OMS-2026-00661","SAFE","","890ca03a-75b1-4b38-824c-250679994431","shipped","d92ecefe-4751-4212-a397-4668141fe3ba","OUT-2026-02424","shipped","1","1","WH-001/A/A-01","e15062a0-18d7-4133-9eec-b266be2f0cba","SKU-ZUGSL2-MSBN6ZOA:1","2","1","3","0","0","outbound_orders:d92ecefe-4751-4212-a397-4668141fe3ba; outbound_order_lines (cascade); stock_reservations x2 (cascade); carrier_shipments / bulk_shipping_job_items (cascade); workflow_instances x1; warehouse_tasks x3; documents x0; order_manual_charges x0"
"OMS-2026-00662","SAFE","","aa32a257-3108-4fa7-9e94-36b329a7f037","shipped","dab56edf-5e72-4239-98d4-1671f5d6e3ca","OUT-2026-02425","shipped","1","1","WH-001/A/A-01","e15062a0-18d7-4133-9eec-b266be2f0cba","SKU-ZUGSL2-MSBN6ZOA:1","2","1","3","0","0","outbound_orders:dab56edf-5e72-4239-98d4-1671f5d6e3ca; outbound_order_lines (cascade); stock_reservations x2 (cascade); carrier_shipments / bulk_shipping_job_items (cascade); workflow_instances x1; warehouse_tasks x3; documents x0; order_manual_charges x0"
"OMS-2026-00663","SAFE","","a8c10e8a-d008-4486-87ae-f76a155f0936","shipped","b3351b2b-3a50-4fb6-9f3a-c0281e9b513f","OUT-2026-02426","shipped","1","1","WH-001/A/A-01","e15062a0-18d7-4133-9eec-b266be2f0cba","SKU-ZUGSL2-MSBN6ZOA:1","2","1","3","0","0","outbound_orders:b3351b2b-3a50-4fb6-9f3a-c0281e9b513f; outbound_order_lines (cascade); stock_reservations x2 (cascade); carrier_shipments / bulk_shipping_job_items (cascade); workflow_instances x1; warehouse_tasks x3; documents x0; order_manual_charges x0"
"OMS-2026-00664","SAFE","","80f0b547-3324-4852-a22a-8493ae156014","shipped","b0a92a86-1c8e-490a-8e01-c09599d0494c","OUT-2026-02427","shipped","1","1","WH-001/A/A-01","e15062a0-18d7-4133-9eec-b266be2f0cba","SKU-ZUGSL2-MSBN6ZOA:1","2","1","3","0","0","outbound_orders:b0a92a86-1c8e-490a-8e01-c09599d0494c; outbound_order_lines (cascade); stock_reservations x2 (cascade); carrier_shipments / bulk_shipping_job_items (cascade); workflow_instances x1; warehouse_tasks x3; documents x0; order_manual_charges x0"
"OMS-2026-00665","SAFE","","c1eaa4d7-d578-473e-b444-4ae893c0d70e","shipped","c43dfb2b-071a-4b40-ab99-632d85678e91","OUT-2026-02428","shipped","1","1","WH-001/A/A-01","e15062a0-18d7-4133-9eec-b266be2f0cba","SKU-ZUGSL2-MSBN6ZOA:1","2","1","3","0","0","outbound_orders:c43dfb2b-071a-4b40-ab99-632d85678e91; outbound_order_lines (cascade); stock_reservations x2 (cascade); carrier_shipments / bulk_shipping_job_items (cascade); workflow_instances x1; warehouse_tasks x3; documents x0; order_manual_charges x0"
"OMS-2026-00666","SAFE","","82f4ea3c-d0fb-4e7b-9ae5-9cf9c7099d4d","shipped","5003d628-0211-43fe-acdb-128e5c381e77","OUT-2026-02429","shipped","1","1","WH-001/A/A-01","e15062a0-18d7-4133-9eec-b266be2f0cba","SKU-ZUGSL2-MSBN6ZOA:1","2","1","3","0","0","outbound_orders:5003d628-0211-43fe-acdb-128e5c381e77; outbound_order_lines (cascade); stock_reservations x2 (cascade); carrier_shipments / bulk_shipping_job_items (cascade); workflow_instances x1; warehouse_tasks x3; documents x0; order_manual_charges x0"
"OMS-2026-00667","SAFE","","3058f2ea-8860-4a01-af19-0d352345296a","shipped","b0cf27a6-ab40-4e59-8e89-a3f9873d8964","OUT-2026-02430","shipped","1","1","WH-001/A/A-01","e15062a0-18d7-4133-9eec-b266be2f0cba","SKU-ZUGSL2-MSBN6ZOA:1","2","1","3","0","0","outbound_orders:b0cf27a6-ab40-4e59-8e89-a3f9873d8964; outbound_order_lines (cascade); stock_reservations x2 (cascade); carrier_shipments / bulk_shipping_job_items (cascade); workflow_instances x1; warehouse_tasks x3; documents x0; order_manual_charges x0"
"OMS-2026-00668","SAFE","","a1364b9e-8e4b-4340-9d89-f2df96a478d5","shipped","f2d625fe-3fa4-43a1-908f-2b427cfadbdd","OUT-2026-02431","shipped","1","1","WH-001/A/A-01","e15062a0-18d7-4133-9eec-b266be2f0cba","SKU-ZUGSL2-MSBN6ZOA:1","2","1","3","0","0","outbound_orders:f2d625fe-3fa4-43a1-908f-2b427cfadbdd; outbound_order_lines (cascade); stock_reservations x2 (cascade); carrier_shipments / bulk_shipping_job_items (cascade); workflow_instances x1; warehouse_tasks x3; documents x0; order_manual_charges x0"
"OMS-2026-00669","SAFE","","c67dde3b-79a3-48a8-a7c3-f82dc96aaae8","shipped","23539ac4-eb2c-40ac-ae40-22f4d0eef064","OUT-2026-02432","shipped","1","1","WH-001/A/A-01","e15062a0-18d7-4133-9eec-b266be2f0cba","SKU-ZUGSL2-MSBN6ZOA:1","2","1","3","0","0","outbound_orders:23539ac4-eb2c-40ac-ae40-22f4d0eef064; outbound_order_lines (cascade); stock_reservations x2 (cascade); carrier_shipments / bulk_shipping_job_items (cascade); workflow_instances x1; warehouse_tasks x3; documents x0; order_manual_charges x0"
"OMS-2026-00671","SAFE","","d44fa7aa-0ec9-4ff7-b273-a5f445eb37cc","shipped","ec1d8f02-b78b-4ee1-8b89-32f235db9d2b","OUT-2026-02433","shipped","1","1","WH-001/A/A-01","e15062a0-18d7-4133-9eec-b266be2f0cba","SKU-ZUGSL2-MSBN6ZOA:1","2","1","3","0","0","outbound_orders:ec1d8f02-b78b-4ee1-8b89-32f235db9d2b; outbound_order_lines (cascade); stock_reservations x2 (cascade); carrier_shipments / bulk_shipping_job_items (cascade); workflow_instances x1; warehouse_tasks x3; documents x0; order_manual_charges x0"
"OMS-2026-00672","SAFE","","b0a8de9b-65cd-4be7-83be-c7008f67d45a","shipped","f79e996e-1375-4c00-824d-b87874bca896","OUT-2026-02434","shipped","1","1","WH-001/A/A-01","e15062a0-18d7-4133-9eec-b266be2f0cba","SKU-ZUGSL2-MSBN6ZOA:1","2","1","3","0","0","outbound_orders:f79e996e-1375-4c00-824d-b87874bca896; outbound_order_lines (cascade); stock_reservations x2 (cascade); carrier_shipments / bulk_shipping_job_items (cascade); workflow_instances x1; warehouse_tasks x3; documents x0; order_manual_charges x0"
"OMS-2026-00675","SAFE","","d92b7c21-25dd-4103-9e0d-570e10c6cd38","shipped","632319f8-fce6-4b7a-a588-5d3ab15bdc60","OUT-2026-02435","shipped","1","1","WH-001/A/A-01","e15062a0-18d7-4133-9eec-b266be2f0cba","SKU-ZUGSL2-MSBN6ZOA:1","2","1","3","0","0","outbound_orders:632319f8-fce6-4b7a-a588-5d3ab15bdc60; outbound_order_lines (cascade); stock_reservations x2 (cascade); carrier_shipments / bulk_shipping_job_items (cascade); workflow_instances x1; warehouse_tasks x3; documents x0; order_manual_charges x0"
"OMS-2026-00676","SAFE","","1e1ed90f-b58d-427b-a35b-d6f5f752ba99","shipped","617c7f10-4f8d-4771-8f9f-b3731df6a277","OUT-2026-02436","shipped","1","1","WH-001/A/A-01","e15062a0-18d7-4133-9eec-b266be2f0cba","SKU-ZUGSL2-MSBN6ZOA:1","2","1","3","0","0","outbound_orders:617c7f10-4f8d-4771-8f9f-b3731df6a277; outbound_order_lines (cascade); stock_reservations x2 (cascade); carrier_shipments / bulk_shipping_job_items (cascade); workflow_instances x1; warehouse_tasks x3; documents x0; order_manual_charges x0"
"OMS-2026-00678","SAFE","","beac1aae-2150-43e8-8441-1c5b0a10385a","shipped","273a0d46-6918-4952-bb8c-dff1d215b5ec","OUT-2026-02437","shipped","1","1","WH-001/A/A-01","e15062a0-18d7-4133-9eec-b266be2f0cba","SKU-ZUGSL2-MSBN6ZOA:1","2","1","3","0","0","outbound_orders:273a0d46-6918-4952-bb8c-dff1d215b5ec; outbound_order_lines (cascade); stock_reservations x2 (cascade); carrier_shipments / bulk_shipping_job_items (cascade); workflow_instances x1; warehouse_tasks x3; documents x0; order_manual_charges x0"
"OMS-2026-00679","SAFE","","f1b8f88f-b764-45c4-bc10-e222555b46c7","shipped","b12f81ed-30a1-4a3e-bdd9-8bcbf3a223de","OUT-2026-02438","shipped","1","1","WH-001/A/A-01","e15062a0-18d7-4133-9eec-b266be2f0cba","SKU-ZUGSL2-MSBN6ZOA:1","2","1","3","0","0","outbound_orders:b12f81ed-30a1-4a3e-bdd9-8bcbf3a223de; outbound_order_lines (cascade); stock_reservations x2 (cascade); carrier_shipments / bulk_shipping_job_items (cascade); workflow_instances x1; warehouse_tasks x3; documents x0; order_manual_charges x0"
"OMS-2026-00680","SAFE","","5ffedf19-2a1e-48de-b5a5-d426de475c57","shipped","bb2ffb04-20f6-49d2-8fc8-3f6d30782321","OUT-2026-02439","shipped","1","1","WH-001/A/A-01","e15062a0-18d7-4133-9eec-b266be2f0cba","SKU-ZUGSL2-MSBN6ZOA:1","2","1","3","0","0","outbound_orders:bb2ffb04-20f6-49d2-8fc8-3f6d30782321; outbound_order_lines (cascade); stock_reservations x2 (cascade); carrier_shipments / bulk_shipping_job_items (cascade); workflow_instances x1; warehouse_tasks x3; documents x0; order_manual_charges x0"
"OMS-2026-00682","SAFE","","28f78256-31c8-4519-8cdd-97d48e65035d","shipped","82f02da9-b1fb-46ce-ba61-734bcdc4a645","OUT-2026-02440","shipped","1","1","WH-001/A/A-01","e15062a0-18d7-4133-9eec-b266be2f0cba","SKU-ZUGSL2-MSBN6ZOA:1","2","1","3","0","0","outbound_orders:82f02da9-b1fb-46ce-ba61-734bcdc4a645; outbound_order_lines (cascade); stock_reservations x2 (cascade); carrier_shipments / bulk_shipping_job_items (cascade); workflow_instances x1; warehouse_tasks x3; documents x0; order_manual_charges x0"
"OMS-2026-00683","SAFE","","154c0faa-7b0a-44a5-94b4-b3c3130c2e8b","shipped","2bc8874a-48a4-483c-9251-0d5010db0379","OUT-2026-02441","shipped","1","1","WH-001/A/A-01","e15062a0-18d7-4133-9eec-b266be2f0cba","SKU-ZUGSL2-MSBN6ZOA:1","2","1","3","0","0","outbound_orders:2bc8874a-48a4-483c-9251-0d5010db0379; outbound_order_lines (cascade); stock_reservations x2 (cascade); carrier_shipments / bulk_shipping_job_items (cascade); workflow_instances x1; warehouse_tasks x3; documents x0; order_manual_charges x0"
"OMS-2026-00684","SAFE","","88d0eb79-1332-494d-af93-a42a6a0bb080","shipped","283be509-9349-4d89-8105-2b56f8a66c08","OUT-2026-02442","shipped","1","1","WH-001/A/A-01","e15062a0-18d7-4133-9eec-b266be2f0cba","SKU-ZUGSL2-MSBN6ZOA:1","2","1","3","0","0","outbound_orders:283be509-9349-4d89-8105-2b56f8a66c08; outbound_order_lines (cascade); stock_reservations x2 (cascade); carrier_shipments / bulk_shipping_job_items (cascade); workflow_instances x1; warehouse_tasks x3; documents x0; order_manual_charges x0"
"OMS-2026-00685","SAFE","","cf0de79c-9831-4fe5-aefb-0521db5b34b3","shipped","5561f59d-333e-4e46-a1ad-ada7ca804552","OUT-2026-02443","shipped","1","1","WH-001/A/A-01","e15062a0-18d7-4133-9eec-b266be2f0cba","SKU-ZUGSL2-MSBN6ZOA:1","2","1","3","0","0","outbound_orders:5561f59d-333e-4e46-a1ad-ada7ca804552; outbound_order_lines (cascade); stock_reservations x2 (cascade); carrier_shipments / bulk_shipping_job_items (cascade); workflow_instances x1; warehouse_tasks x3; documents x0; order_manual_charges x0"
"OMS-2026-00686","SAFE","","d3b36eab-a95b-43bd-9786-68c8719e15be","shipped","2f3d769f-5544-4645-9cfb-711b32ff6349","OUT-2026-02444","shipped","1","1","WH-001/A/A-01","e15062a0-18d7-4133-9eec-b266be2f0cba","SKU-ZUGSL2-MSBN6ZOA:1","2","1","3","0","0","outbound_orders:2f3d769f-5544-4645-9cfb-711b32ff6349; outbound_order_lines (cascade); stock_reservations x2 (cascade); carrier_shipments / bulk_shipping_job_items (cascade); workflow_instances x1; warehouse_tasks x3; documents x0; order_manual_charges x0"
"OMS-2026-00688","SAFE","","64320183-418e-43f4-bbd8-ce2bef55e89d","shipped","e48cfb18-82e7-46d2-b537-d7c7b82a3db6","OUT-2026-02445","shipped","1","1","WH-001/A/A-01","e15062a0-18d7-4133-9eec-b266be2f0cba","SKU-ZUGSL2-MSBN6ZOA:1","2","1","3","0","0","outbound_orders:e48cfb18-82e7-46d2-b537-d7c7b82a3db6; outbound_order_lines (cascade); stock_reservations x2 (cascade); carrier_shipments / bulk_shipping_job_items (cascade); workflow_instances x1; warehouse_tasks x3; documents x0; order_manual_charges x0"
"OMS-2026-00689","SAFE","","64857bd7-bab2-459a-b648-84c74d00fb95","shipped","141b1095-4740-4f4e-86d9-a4d463b65131","OUT-2026-02446","shipped","1","1","WH-001/A/A-01","e15062a0-18d7-4133-9eec-b266be2f0cba","SKU-ZUGSL2-MSBN6ZOA:1","2","1","3","0","0","outbound_orders:141b1095-4740-4f4e-86d9-a4d463b65131; outbound_order_lines (cascade); stock_reservations x2 (cascade); carrier_shipments / bulk_shipping_job_items (cascade); workflow_instances x1; warehouse_tasks x3; documents x0; order_manual_charges x0"
"OMS-2026-00693","SAFE","","21d2e083-c59e-482f-8b09-533aaf1d9508","shipped","f295b016-4e25-4ece-b4f8-1e6fb80d4aae","OUT-2026-02447","shipped","1","1","WH-001/A/A-01","e15062a0-18d7-4133-9eec-b266be2f0cba","SKU-ZUGSL2-MSBN6ZOA:1","2","1","3","0","0","outbound_orders:f295b016-4e25-4ece-b4f8-1e6fb80d4aae; outbound_order_lines (cascade); stock_reservations x2 (cascade); carrier_shipments / bulk_shipping_job_items (cascade); workflow_instances x1; warehouse_tasks x3; documents x0; order_manual_charges x0"
"OMS-2026-00694","SAFE","","c79cbbef-5dbc-4d27-8084-f065c6042f86","shipped","024cbe84-8d29-4624-ac52-1a0aef27d270","OUT-2026-02448","shipped","1","1","WH-001/A/A-01","e15062a0-18d7-4133-9eec-b266be2f0cba","SKU-ZUGSL2-MSBN6ZOA:1","2","1","3","0","0","outbound_orders:024cbe84-8d29-4624-ac52-1a0aef27d270; outbound_order_lines (cascade); stock_reservations x2 (cascade); carrier_shipments / bulk_shipping_job_items (cascade); workflow_instances x1; warehouse_tasks x3; documents x0; order_manual_charges x0"
"OMS-2026-00695","SAFE","","aa52fa8c-0579-47e8-9f06-03f38e9b8524","shipped","073ee740-beda-44eb-90ff-3289285f5b55","OUT-2026-02449","shipped","1","1","WH-001/A/A-01","e15062a0-18d7-4133-9eec-b266be2f0cba","SKU-ZUGSL2-MSBN6ZOA:1","2","1","3","0","0","outbound_orders:073ee740-beda-44eb-90ff-3289285f5b55; outbound_order_lines (cascade); stock_reservations x2 (cascade); carrier_shipments / bulk_shipping_job_items (cascade); workflow_instances x1; warehouse_tasks x3; documents x0; order_manual_charges x0"
"OMS-2026-00696","SAFE","","f1981327-adb7-4778-acc6-5ed43a75fdf6","shipped","4488bea4-1ec0-4300-8900-1016682a4682","OUT-2026-02450","shipped","1","1","WH-001/A/A-01","e15062a0-18d7-4133-9eec-b266be2f0cba","SKU-ZUGSL2-MSBN6ZOA:1","2","1","3","0","0","outbound_orders:4488bea4-1ec0-4300-8900-1016682a4682; outbound_order_lines (cascade); stock_reservations x2 (cascade); carrier_shipments / bulk_shipping_job_items (cascade); workflow_instances x1; warehouse_tasks x3; documents x0; order_manual_charges x0"
"OMS-2026-00698","SAFE","","13d9f77c-6492-4043-97db-5b4cac956822","shipped","dda4aa37-f4a5-4e66-b2fa-b9a8d2b9a077","OUT-2026-02451","shipped","1","1","WH-001/A/A-01","e15062a0-18d7-4133-9eec-b266be2f0cba","SKU-ZUGSL2-MSBN6ZOA:1","2","1","3","0","0","outbound_orders:dda4aa37-f4a5-4e66-b2fa-b9a8d2b9a077; outbound_order_lines (cascade); stock_reservations x2 (cascade); carrier_shipments / bulk_shipping_job_items (cascade); workflow_instances x1; warehouse_tasks x3; documents x0; order_manual_charges x0"
"OMS-2026-00699","SAFE","","4a2e86b4-64ad-420d-a18c-cb4bb835696f","shipped","334237ba-fb80-46d0-87ec-cd139ee03b19","OUT-2026-02452","shipped","1","1","WH-001/A/A-01","e15062a0-18d7-4133-9eec-b266be2f0cba","SKU-ZUGSL2-MSBN6ZOA:1","2","1","3","0","0","outbound_orders:334237ba-fb80-46d0-87ec-cd139ee03b19; outbound_order_lines (cascade); stock_reservations x2 (cascade); carrier_shipments / bulk_shipping_job_items (cascade); workflow_instances x1; warehouse_tasks x3; documents x0; order_manual_charges x0"
"OMS-2026-00701","SAFE","","fe3024f3-09c8-4ef1-ad99-738bd10a523e","shipped","3971e741-a438-4c27-a01a-77adca0c9db7","OUT-2026-02453","shipped","1","1","WH-001/A/A-01","e15062a0-18d7-4133-9eec-b266be2f0cba","SKU-ZUGSL2-MSBN6ZOA:1","2","1","3","0","0","outbound_orders:3971e741-a438-4c27-a01a-77adca0c9db7; outbound_order_lines (cascade); stock_reservations x2 (cascade); carrier_shipments / bulk_shipping_job_items (cascade); workflow_instances x1; warehouse_tasks x3; documents x0; order_manual_charges x0"
"OMS-2026-00705","SAFE","","d6df10e3-d956-426f-a4d6-7cfb027e6627","shipped","42c6126a-dc77-4306-a082-cb0b31b0774b","OUT-2026-02454","shipped","1","1","WH-001/A/A-01","e15062a0-18d7-4133-9eec-b266be2f0cba","SKU-ZUGSL2-MSBN6ZOA:1","2","1","3","0","0","outbound_orders:42c6126a-dc77-4306-a082-cb0b31b0774b; outbound_order_lines (cascade); stock_reservations x2 (cascade); carrier_shipments / bulk_shipping_job_items (cascade); workflow_instances x1; warehouse_tasks x3; documents x0; order_manual_charges x0"
"OMS-2026-00707","SAFE","","68de8862-309c-4e7b-88e0-7a28cf0c363b","shipped","35215e22-1147-4b5e-afc0-d8ea57eedc0d","OUT-2026-02455","shipped","1","1","WH-001/A/A-01","e15062a0-18d7-4133-9eec-b266be2f0cba","SKU-ZUGSL2-MSBN6ZOA:1","2","1","3","0","0","outbound_orders:35215e22-1147-4b5e-afc0-d8ea57eedc0d; outbound_order_lines (cascade); stock_reservations x2 (cascade); carrier_shipments / bulk_shipping_job_items (cascade); workflow_instances x1; warehouse_tasks x3; documents x0; order_manual_charges x0"
"OMS-2026-00716","SAFE","","a1c11626-a09a-4835-ba46-50202445c006","shipped","02ddac2f-b0f1-4a1e-8b64-c165669699fc","OUT-2026-02456","shipped","1","1","WH-001/A/A-01","e15062a0-18d7-4133-9eec-b266be2f0cba","SKU-ZUGSL2-MSBN6ZOA:1","2","1","3","0","0","outbound_orders:02ddac2f-b0f1-4a1e-8b64-c165669699fc; outbound_order_lines (cascade); stock_reservations x2 (cascade); carrier_shipments / bulk_shipping_job_items (cascade); workflow_instances x1; warehouse_tasks x3; documents x0; order_manual_charges x0"
"OMS-2026-00719","SAFE","","e800d140-7ddf-4cd8-977e-a814a9f7606b","shipped","8a2386b3-1b39-43f5-b630-7523d5e92d8f","OUT-2026-02457","shipped","1","1","WH-001/A/A-01","e15062a0-18d7-4133-9eec-b266be2f0cba","SKU-ZUGSL2-MSBN6ZOA:1","2","1","3","0","0","outbound_orders:8a2386b3-1b39-43f5-b630-7523d5e92d8f; outbound_order_lines (cascade); stock_reservations x2 (cascade); carrier_shipments / bulk_shipping_job_items (cascade); workflow_instances x1; warehouse_tasks x3; documents x0; order_manual_charges x0"
"OMS-2026-00726","SAFE","","9f54bb16-9ab2-490f-929d-fc44d0b17844","shipped","f25be692-3e80-435f-85ba-801f99b14b5d","OUT-2026-02458","shipped","1","1","WH-001/A/A-01","e15062a0-18d7-4133-9eec-b266be2f0cba","SKU-ZUGSL2-MSBN6ZOA:1","2","1","3","0","0","outbound_orders:f25be692-3e80-435f-85ba-801f99b14b5d; outbound_order_lines (cascade); stock_reservations x2 (cascade); carrier_shipments / bulk_shipping_job_items (cascade); workflow_instances x1; warehouse_tasks x3; documents x0; order_manual_charges x0"
"OMS-2026-00727","SAFE","","986e5c41-c9f6-45ae-a3d9-b9d7a70daebf","shipped","d2ac831e-5cba-4efa-8bf9-608dbc69c768","OUT-2026-02459","shipped","1","1","WH-001/A/A-01","e15062a0-18d7-4133-9eec-b266be2f0cba","SKU-ZUGSL2-MSBN6ZOA:1","2","1","3","0","0","outbound_orders:d2ac831e-5cba-4efa-8bf9-608dbc69c768; outbound_order_lines (cascade); stock_reservations x2 (cascade); carrier_shipments / bulk_shipping_job_items (cascade); workflow_instances x1; warehouse_tasks x3; documents x0; order_manual_charges x0"
"OMS-2026-00737","SAFE","","d7feaee7-fe71-4510-bba9-156c6b543622","shipped","1af506c0-04da-4b9d-b796-c340001635fa","OUT-2026-02460","shipped","1","1","WH-001/A/A-01","e15062a0-18d7-4133-9eec-b266be2f0cba","SKU-ZUGSL2-MSBN6ZOA:1","2","1","3","0","0","outbound_orders:1af506c0-04da-4b9d-b796-c340001635fa; outbound_order_lines (cascade); stock_reservations x2 (cascade); carrier_shipments / bulk_shipping_job_items (cascade); workflow_instances x1; warehouse_tasks x3; documents x0; order_manual_charges x0"
"OMS-2026-00738","SAFE","","56b79079-b90f-4c3b-8371-ad1410422ea9","shipped","de42351f-0553-4552-96af-a15c9340c3ba","OUT-2026-02461","shipped","1","1","WH-001/A/A-01","e15062a0-18d7-4133-9eec-b266be2f0cba","SKU-ZUGSL2-MSBN6ZOA:1","2","1","3","0","0","outbound_orders:de42351f-0553-4552-96af-a15c9340c3ba; outbound_order_lines (cascade); stock_reservations x2 (cascade); carrier_shipments / bulk_shipping_job_items (cascade); workflow_instances x1; warehouse_tasks x3; documents x0; order_manual_charges x0"
"OMS-2026-00744","SAFE","","b5c2a098-bcf7-418e-89e8-9de7bb23ac3d","shipped","784bc306-cb1a-42fb-b211-cdafd734899c","OUT-2026-02462","shipped","1","1","WH-001/A/A-01","e15062a0-18d7-4133-9eec-b266be2f0cba","SKU-ZUGSL2-MSBN6ZOA:1","2","1","3","0","0","outbound_orders:784bc306-cb1a-42fb-b211-cdafd734899c; outbound_order_lines (cascade); stock_reservations x2 (cascade); carrier_shipments / bulk_shipping_job_items (cascade); workflow_instances x1; warehouse_tasks x3; documents x0; order_manual_charges x0"
"OMS-2026-00748","SAFE","","fba9ae9c-e0fc-42a8-b531-5c9331b4c708","shipped","a921235e-5b62-4651-98fe-1aca9e216a70","OUT-2026-02463","shipped","1","1","WH-001/A/A-01","e15062a0-18d7-4133-9eec-b266be2f0cba","SKU-ZUGSL2-MSBN6ZOA:1","2","1","3","0","0","outbound_orders:a921235e-5b62-4651-98fe-1aca9e216a70; outbound_order_lines (cascade); stock_reservations x2 (cascade); carrier_shipments / bulk_shipping_job_items (cascade); workflow_instances x1; warehouse_tasks x3; documents x0; order_manual_charges x0"
"OMS-2026-00751","SAFE","","629c88b3-c11f-4e26-879b-2d879816d081","shipped","8d06d402-2bf5-484e-a1bb-55540ad1e8eb","OUT-2026-02464","shipped","1","1","WH-001/A/A-01","e15062a0-18d7-4133-9eec-b266be2f0cba","SKU-ZUGSL2-MSBN6ZOA:1","2","1","3","0","0","outbound_orders:8d06d402-2bf5-484e-a1bb-55540ad1e8eb; outbound_order_lines (cascade); stock_reservations x2 (cascade); carrier_shipments / bulk_shipping_job_items (cascade); workflow_instances x1; warehouse_tasks x3; documents x0; order_manual_charges x0"
"OMS-2026-00764","SAFE","","981b7b26-1824-4533-a933-f086d7127d04","shipped","17b49b0b-ba24-440d-9250-3cfe7d38f7e9","OUT-2026-02465","shipped","1","1","WH-001/A/A-01","e15062a0-18d7-4133-9eec-b266be2f0cba","SKU-ZUGSL2-MSBN6ZOA:1","2","1","3","0","0","outbound_orders:17b49b0b-ba24-440d-9250-3cfe7d38f7e9; outbound_order_lines (cascade); stock_reservations x2 (cascade); carrier_shipments / bulk_shipping_job_items (cascade); workflow_instances x1; warehouse_tasks x3; documents x0; order_manual_charges x0"
"OMS-2026-00769","SAFE","","31c55bb5-0f05-4574-8cc0-53857bcc2b79","shipped","cd338efb-b6f8-4373-8a9d-0754d5885cea","OUT-2026-02466","shipped","1","1","WH-001/A/A-01","e15062a0-18d7-4133-9eec-b266be2f0cba","SKU-ZUGSL2-MSBN6ZOA:1","2","1","3","0","0","outbound_orders:cd338efb-b6f8-4373-8a9d-0754d5885cea; outbound_order_lines (cascade); stock_reservations x2 (cascade); carrier_shipments / bulk_shipping_job_items (cascade); workflow_instances x1; warehouse_tasks x3; documents x0; order_manual_charges x0"
"OMS-2026-00773","SAFE","","51a3102f-6e18-4371-948a-56608686997c","shipped","d9826e73-c22a-4a38-b02f-4ab995143d8c","OUT-2026-02467","shipped","1","1","WH-001/A/A-01","e15062a0-18d7-4133-9eec-b266be2f0cba","SKU-ZUGSL2-MSBN6ZOA:1","2","1","3","0","0","outbound_orders:d9826e73-c22a-4a38-b02f-4ab995143d8c; outbound_order_lines (cascade); stock_reservations x2 (cascade); carrier_shipments / bulk_shipping_job_items (cascade); workflow_instances x1; warehouse_tasks x3; documents x0; order_manual_charges x0"
"OMS-2026-00816","SAFE","","ff759174-d77b-49dc-ae89-bddab1bc9aef","shipped","dd111eda-2190-48b1-bcee-a71be6293f48","OUT-2026-02468","shipped","1","1","WH-001/A/A-01","e15062a0-18d7-4133-9eec-b266be2f0cba","SKU-ZUGSL2-MSBN6ZOA:1","2","1","3","0","0","outbound_orders:dd111eda-2190-48b1-bcee-a71be6293f48; outbound_order_lines (cascade); stock_reservations x2 (cascade); carrier_shipments / bulk_shipping_job_items (cascade); workflow_instances x1; warehouse_tasks x3; documents x0; order_manual_charges x0"
"OMS-2026-00818","SAFE","","4ca9bd51-c69d-42e9-8510-82c4714d7ee6","shipped","a0dc12a7-02da-413e-aee2-52dd1b31ac1f","OUT-2026-02469","shipped","1","1","WH-001/A/A-01","e15062a0-18d7-4133-9eec-b266be2f0cba","SKU-ZUGSL2-MSBN6ZOA:1","2","1","3","0","0","outbound_orders:a0dc12a7-02da-413e-aee2-52dd1b31ac1f; outbound_order_lines (cascade); stock_reservations x2 (cascade); carrier_shipments / bulk_shipping_job_items (cascade); workflow_instances x1; warehouse_tasks x3; documents x0; order_manual_charges x0"
"OMS-2026-00820","SAFE","","3741bf4b-db75-44de-be17-e757155541f6","shipped","dbae9cf1-d470-41b0-81f6-0dc7d4ee5229","OUT-2026-02470","shipped","1","1","WH-001/A/A-01","e15062a0-18d7-4133-9eec-b266be2f0cba","SKU-ZUGSL2-MSBN6ZOA:1","2","1","3","0","0","outbound_orders:dbae9cf1-d470-41b0-81f6-0dc7d4ee5229; outbound_order_lines (cascade); stock_reservations x2 (cascade); carrier_shipments / bulk_shipping_job_items (cascade); workflow_instances x1; warehouse_tasks x3; documents x0; order_manual_charges x0"
"OMS-2026-00823","SAFE","","f6d725c2-2b6d-498a-b0e3-ed74bb1fb61a","shipped","f3d0623e-1bc5-40e0-ba73-2004f0bc0e13","OUT-2026-02471","shipped","1","1","WH-001/A/A-01","e15062a0-18d7-4133-9eec-b266be2f0cba","SKU-ZUGSL2-MSBN6ZOA:1","2","1","3","0","0","outbound_orders:f3d0623e-1bc5-40e0-ba73-2004f0bc0e13; outbound_order_lines (cascade); stock_reservations x2 (cascade); carrier_shipments / bulk_shipping_job_items (cascade); workflow_instances x1; warehouse_tasks x3; documents x0; order_manual_charges x0"
"OMS-2026-00830","SAFE","","82f240c6-9f5b-4319-8f59-926ab9330e23","shipped","0dc1891e-9206-4470-aa3e-a01670fdbc5f","OUT-2026-02472","shipped","1","1","WH-001/A/A-01","e15062a0-18d7-4133-9eec-b266be2f0cba","SKU-ZUGSL2-MSBN6ZOA:1","2","1","3","0","0","outbound_orders:0dc1891e-9206-4470-aa3e-a01670fdbc5f; outbound_order_lines (cascade); stock_reservations x2 (cascade); carrier_shipments / bulk_shipping_job_items (cascade); workflow_instances x1; warehouse_tasks x3; documents x0; order_manual_charges x0"
"OMS-2026-00839","SAFE","","c609a079-a4b1-4dc0-8781-f40e20f9f768","shipped","63710c81-0a53-492e-98fe-1c685235665d","OUT-2026-02473","shipped","1","1","WH-001/A/A-01","e15062a0-18d7-4133-9eec-b266be2f0cba","SKU-ZUGSL2-MSBN6ZOA:1","2","1","3","0","0","outbound_orders:63710c81-0a53-492e-98fe-1c685235665d; outbound_order_lines (cascade); stock_reservations x2 (cascade); carrier_shipments / bulk_shipping_job_items (cascade); workflow_instances x1; warehouse_tasks x3; documents x0; order_manual_charges x0"
"OMS-2026-00870","SAFE","","e343b6e7-fdd0-4449-b19f-e4852965c074","shipped","79ea1ecc-9e17-4593-a51c-4e860a22a99d","OUT-2026-00345","shipped","1","1","WH-001/A/A-01","333dfd88-6264-4dae-8f5d-b2bc3b512e7e","AIRCOOLING1:1","2","1","3","0","0","outbound_orders:79ea1ecc-9e17-4593-a51c-4e860a22a99d; outbound_order_lines (cascade); stock_reservations x2 (cascade); carrier_shipments / bulk_shipping_job_items (cascade); workflow_instances x1; warehouse_tasks x3; documents x0; order_manual_charges x0"
"OMS-2026-00904","SAFE","","e87d79af-9b4f-4835-b62e-cf20129bca3d","shipped","9e8cce82-ad51-450c-8598-a1205554b70a","OUT-2026-00192","shipped","1","1","WH-001/A/A-01","333dfd88-6264-4dae-8f5d-b2bc3b512e7e","AIRCOOLING1:1","2","1","3","0","0","outbound_orders:9e8cce82-ad51-450c-8598-a1205554b70a; outbound_order_lines (cascade); stock_reservations x2 (cascade); carrier_shipments / bulk_shipping_job_items (cascade); workflow_instances x1; warehouse_tasks x3; documents x0; order_manual_charges x0"
"OMS-2026-00914","SAFE","","c9852838-ccaf-4876-8287-985122f943e1","shipped","97547755-9150-405f-a61e-e1ace92c1e4a","OUT-2026-00190","shipped","1","1","WH-001/A/A-01","333dfd88-6264-4dae-8f5d-b2bc3b512e7e","AIRCOOLING1:1","2","1","3","0","0","outbound_orders:97547755-9150-405f-a61e-e1ace92c1e4a; outbound_order_lines (cascade); stock_reservations x2 (cascade); carrier_shipments / bulk_shipping_job_items (cascade); workflow_instances x1; warehouse_tasks x3; documents x0; order_manual_charges x0"
"OMS-2026-00923","SAFE","","bc8b4fa7-7d6b-4b08-a376-daa31b7fa927","shipped","1ecb6709-de30-4f50-9c85-191d31fe57b6","OUT-2026-02474","shipped","1","1","WH-001/A/A-01","e15062a0-18d7-4133-9eec-b266be2f0cba","SKU-ZUGSL2-MSBN6ZOA:1","2","1","3","0","0","outbound_orders:1ecb6709-de30-4f50-9c85-191d31fe57b6; outbound_order_lines (cascade); stock_reservations x2 (cascade); carrier_shipments / bulk_shipping_job_items (cascade); workflow_instances x1; warehouse_tasks x3; documents x0; order_manual_charges x0"
"OMS-2026-00963","SAFE","","d0e73f83-c770-45f2-9529-0bcb71f245f0","shipped","ba6a5371-0bd6-4b36-9740-7d722ec9f0f1","OUT-2026-02475","shipped","1","1","WH-001/A/A-01","e15062a0-18d7-4133-9eec-b266be2f0cba","SKU-ZUGSL2-MSBN6ZOA:1","2","1","3","0","0","outbound_orders:ba6a5371-0bd6-4b36-9740-7d722ec9f0f1; outbound_order_lines (cascade); stock_reservations x2 (cascade); carrier_shipments / bulk_shipping_job_items (cascade); workflow_instances x1; warehouse_tasks x3; documents x0; order_manual_charges x0"
"OMS-2026-00970","SAFE","","ec9b5187-3db0-4c7a-bab0-8460d90ce910","shipped","2639bf17-ae64-409c-a2c3-3ca6565eeb8a","OUT-2026-02476","shipped","1","1","WH-001/A/A-01","e15062a0-18d7-4133-9eec-b266be2f0cba","SKU-ZUGSL2-MSBN6ZOA:1","2","1","3","0","0","outbound_orders:2639bf17-ae64-409c-a2c3-3ca6565eeb8a; outbound_order_lines (cascade); stock_reservations x2 (cascade); carrier_shipments / bulk_shipping_job_items (cascade); workflow_instances x1; warehouse_tasks x3; documents x0; order_manual_charges x0"
"OMS-2026-00975","SAFE","","7460dd45-e5c1-4425-af56-0947c1b4674a","shipped","35f98c6d-0057-4265-819d-756a9d506525","OUT-2026-02477","shipped","1","1","WH-001/A/A-01","e15062a0-18d7-4133-9eec-b266be2f0cba","SKU-ZUGSL2-MSBN6ZOA:1","2","1","3","0","0","outbound_orders:35f98c6d-0057-4265-819d-756a9d506525; outbound_order_lines (cascade); stock_reservations x2 (cascade); carrier_shipments / bulk_shipping_job_items (cascade); workflow_instances x1; warehouse_tasks x3; documents x0; order_manual_charges x0"
"OMS-2026-00991","SAFE","","bb289dd4-2bb3-4bba-b77e-244ba081317b","shipped","d8ce303a-f739-48fe-9a29-f44fabf7e286","OUT-2026-02478","shipped","1","1","WH-001/A/A-01","e15062a0-18d7-4133-9eec-b266be2f0cba","SKU-ZUGSL2-MSBN6ZOA:1","2","1","3","0","0","outbound_orders:d8ce303a-f739-48fe-9a29-f44fabf7e286; outbound_order_lines (cascade); stock_reservations x2 (cascade); carrier_shipments / bulk_shipping_job_items (cascade); workflow_instances x1; warehouse_tasks x3; documents x0; order_manual_charges x0"
"OMS-2026-01030","SAFE","","2b4df3d8-9bfe-43f9-976f-af2dc8c0587b","shipped","1afea99a-8bea-4396-bb86-dcebee85f6af","OUT-2026-02479","shipped","1","1","WH-001/A/A-01","e15062a0-18d7-4133-9eec-b266be2f0cba","SKU-ZUGSL2-MSBN6ZOA:1","2","1","3","0","0","outbound_orders:1afea99a-8bea-4396-bb86-dcebee85f6af; outbound_order_lines (cascade); stock_reservations x2 (cascade); carrier_shipments / bulk_shipping_job_items (cascade); workflow_instances x1; warehouse_tasks x3; documents x0; order_manual_charges x0"
"OMS-2026-01122","SAFE","","35bbab42-8e19-45a4-a77c-c4f9e4b3e68d","shipped","d775963e-c22f-481a-9beb-1c407e5cdc6c","OUT-2026-02480","shipped","1","1","WH-001/A/A-01","e15062a0-18d7-4133-9eec-b266be2f0cba","SKU-ZUGSL2-MSBN6ZOA:1","2","1","3","0","0","outbound_orders:d775963e-c22f-481a-9beb-1c407e5cdc6c; outbound_order_lines (cascade); stock_reservations x2 (cascade); carrier_shipments / bulk_shipping_job_items (cascade); workflow_instances x1; warehouse_tasks x3; documents x0; order_manual_charges x0"
"OMS-2026-01159","SAFE","","18d269a1-1c18-4702-bf65-3d1f52039aef","shipped","88a98b3d-2ce7-486d-bc32-8abe28e29df3","OUT-2026-02481","shipped","1","1","WH-001/A/A-01","e15062a0-18d7-4133-9eec-b266be2f0cba","SKU-ZUGSL2-MSBN6ZOA:1","2","1","3","0","0","outbound_orders:88a98b3d-2ce7-486d-bc32-8abe28e29df3; outbound_order_lines (cascade); stock_reservations x2 (cascade); carrier_shipments / bulk_shipping_job_items (cascade); workflow_instances x1; warehouse_tasks x3; documents x0; order_manual_charges x0"
"OMS-2026-01163","SAFE","","9afa78ae-273a-48ef-a817-95ee7a355d04","shipped","b91cc83e-686d-4f26-a90a-e4fd48579abb","OUT-2026-02482","shipped","1","1","WH-001/A/A-01","e15062a0-18d7-4133-9eec-b266be2f0cba","SKU-ZUGSL2-MSBN6ZOA:1","2","1","3","0","0","outbound_orders:b91cc83e-686d-4f26-a90a-e4fd48579abb; outbound_order_lines (cascade); stock_reservations x2 (cascade); carrier_shipments / bulk_shipping_job_items (cascade); workflow_instances x1; warehouse_tasks x3; documents x0; order_manual_charges x0"
"OMS-2026-01190","SAFE","","8f106682-b316-4425-8edc-e618d06e2cae","shipped","51967fc9-b302-41ac-8615-db2d33ae4845","OUT-2026-02483","shipped","1","1","WH-001/A/A-01","e15062a0-18d7-4133-9eec-b266be2f0cba","SKU-ZUGSL2-MSBN6ZOA:1","2","1","3","0","0","outbound_orders:51967fc9-b302-41ac-8615-db2d33ae4845; outbound_order_lines (cascade); stock_reservations x2 (cascade); carrier_shipments / bulk_shipping_job_items (cascade); workflow_instances x1; warehouse_tasks x3; documents x0; order_manual_charges x0"
"OMS-2026-01195","SAFE","","1ddfab77-f739-4d49-8bea-30b71d30e714","shipped","0c8c74dd-ffdc-456d-90f2-dac830184300","OUT-2026-02484","shipped","1","1","WH-001/A/A-01","e15062a0-18d7-4133-9eec-b266be2f0cba","SKU-ZUGSL2-MSBN6ZOA:1","2","1","3","0","0","outbound_orders:0c8c74dd-ffdc-456d-90f2-dac830184300; outbound_order_lines (cascade); stock_reservations x2 (cascade); carrier_shipments / bulk_shipping_job_items (cascade); workflow_instances x1; warehouse_tasks x3; documents x0; order_manual_charges x0"
"OMS-2026-01214","SAFE","","6e6cbb51-8965-41c0-9b56-bb78a84fd9c9","shipped","512006c1-fee8-450a-a880-4c0a3a706e05","OUT-2026-00326","shipped","1","1","WH-001/A/A-01","333dfd88-6264-4dae-8f5d-b2bc3b512e7e","AIRCOOLING1:1","2","1","3","0","0","outbound_orders:512006c1-fee8-450a-a880-4c0a3a706e05; outbound_order_lines (cascade); stock_reservations x2 (cascade); carrier_shipments / bulk_shipping_job_items (cascade); workflow_instances x1; warehouse_tasks x3; documents x0; order_manual_charges x0"
"OMS-2026-01507","SAFE","","6f0a4fb6-190b-4b6a-8ffe-2a9ec326a451","shipped","b6329ea2-6898-4fe9-9472-5865346d8309","OUT-2026-02485","shipped","1","1","WH-001/A/A-01","e15062a0-18d7-4133-9eec-b266be2f0cba","SKU-ZUGSL2-MSBN6ZOA:1","2","1","3","0","0","outbound_orders:b6329ea2-6898-4fe9-9472-5865346d8309; outbound_order_lines (cascade); stock_reservations x2 (cascade); carrier_shipments / bulk_shipping_job_items (cascade); workflow_instances x1; warehouse_tasks x3; documents x0; order_manual_charges x0"
"OMS-2026-01511","SAFE","","ddda6086-c13f-42b0-93c7-012c57229fd9","shipped","a90261e1-3bc1-4466-9bc6-54dfe6fde434","OUT-2026-02486","shipped","1","1","WH-001/A/A-01","e15062a0-18d7-4133-9eec-b266be2f0cba","SKU-ZUGSL2-MSBN6ZOA:1","2","1","3","0","0","outbound_orders:a90261e1-3bc1-4466-9bc6-54dfe6fde434; outbound_order_lines (cascade); stock_reservations x2 (cascade); carrier_shipments / bulk_shipping_job_items (cascade); workflow_instances x1; warehouse_tasks x3; documents x0; order_manual_charges x0"
"OMS-2026-01538","SAFE","","ac57b674-c45e-494d-ad59-ba9738838634","shipped","3afbbd35-be6f-467f-bc1e-45f3c765c11d","OUT-2026-02487","shipped","1","1","WH-001/A/A-01","e15062a0-18d7-4133-9eec-b266be2f0cba","SKU-ZUGSL2-MSBN6ZOA:1","2","1","3","0","0","outbound_orders:3afbbd35-be6f-467f-bc1e-45f3c765c11d; outbound_order_lines (cascade); stock_reservations x2 (cascade); carrier_shipments / bulk_shipping_job_items (cascade); workflow_instances x1; warehouse_tasks x3; documents x0; order_manual_charges x0"
"OMS-2026-01600","SAFE","","4090ef02-1020-4519-8904-8c66711dc583","shipped","7a6c9621-1a61-4805-88d7-30dffe83db00","OUT-2026-02488","shipped","1","1","WH-001/A/A-01","e15062a0-18d7-4133-9eec-b266be2f0cba","SKU-ZUGSL2-MSBN6ZOA:1","2","1","3","0","0","outbound_orders:7a6c9621-1a61-4805-88d7-30dffe83db00; outbound_order_lines (cascade); stock_reservations x2 (cascade); carrier_shipments / bulk_shipping_job_items (cascade); workflow_instances x1; warehouse_tasks x3; documents x0; order_manual_charges x0"
"OMS-2026-01604","SAFE","","45da4bed-9b10-49d8-89f6-68c1b6efa25c","shipped","383e6eb9-90f2-4bd7-b9cf-8b795fb362a5","OUT-2026-02489","shipped","1","1","WH-001/A/A-01","e15062a0-18d7-4133-9eec-b266be2f0cba","SKU-ZUGSL2-MSBN6ZOA:1","2","1","3","0","0","outbound_orders:383e6eb9-90f2-4bd7-b9cf-8b795fb362a5; outbound_order_lines (cascade); stock_reservations x2 (cascade); carrier_shipments / bulk_shipping_job_items (cascade); workflow_instances x1; warehouse_tasks x3; documents x0; order_manual_charges x0"
"OMS-2026-01608","SAFE","","e462e435-cf10-4def-be24-c933cd236120","shipped","158b75fa-702f-4e37-a03c-23a7d6575f6e","OUT-2026-02490","shipped","1","1","WH-001/A/A-01","e15062a0-18d7-4133-9eec-b266be2f0cba","SKU-ZUGSL2-MSBN6ZOA:1","2","1","3","0","0","outbound_orders:158b75fa-702f-4e37-a03c-23a7d6575f6e; outbound_order_lines (cascade); stock_reservations x2 (cascade); carrier_shipments / bulk_shipping_job_items (cascade); workflow_instances x1; warehouse_tasks x3; documents x0; order_manual_charges x0"
"OMS-2026-01720","SAFE","","64f33c2a-87ea-41db-8f87-40138b5f8636","shipped","732bb33f-4735-4b27-b80d-f2f57a76aa56","OUT-2026-02491","shipped","1","1","WH-001/A/A-01","e15062a0-18d7-4133-9eec-b266be2f0cba","SKU-ZUGSL2-MSBN6ZOA:1","2","1","3","0","0","outbound_orders:732bb33f-4735-4b27-b80d-f2f57a76aa56; outbound_order_lines (cascade); stock_reservations x2 (cascade); carrier_shipments / bulk_shipping_job_items (cascade); workflow_instances x1; warehouse_tasks x3; documents x0; order_manual_charges x0"
"OMS-2026-01782","SAFE","","2524762b-6d26-49cc-bf2f-a92a883409d5","shipped","96a8e824-795f-4316-9eae-1dd94ad67c23","OUT-2026-02492","shipped","1","1","WH-001/A/A-01","e15062a0-18d7-4133-9eec-b266be2f0cba","SKU-ZUGSL2-MSBN6ZOA:1","2","1","3","0","0","outbound_orders:96a8e824-795f-4316-9eae-1dd94ad67c23; outbound_order_lines (cascade); stock_reservations x2 (cascade); carrier_shipments / bulk_shipping_job_items (cascade); workflow_instances x1; warehouse_tasks x3; documents x0; order_manual_charges x0"
"OMS-2026-01786","SAFE","","1390c6a4-763f-4d1c-b453-6429c0dedfab","shipped","b5564010-8cc5-4110-b406-758765f405b8","OUT-2026-02493","shipped","1","1","WH-001/A/A-01","e15062a0-18d7-4133-9eec-b266be2f0cba","SKU-ZUGSL2-MSBN6ZOA:1","2","1","3","0","0","outbound_orders:b5564010-8cc5-4110-b406-758765f405b8; outbound_order_lines (cascade); stock_reservations x2 (cascade); carrier_shipments / bulk_shipping_job_items (cascade); workflow_instances x1; warehouse_tasks x3; documents x0; order_manual_charges x0"
"OMS-2026-01795","SAFE","","f38e1e91-4094-49b7-a95e-b7a85e207300","shipped","553f20c8-04b1-478a-a3f9-d88b552a8ff6","OUT-2026-02494","shipped","2","1","WH-001/A/A-01","e15062a0-18d7-4133-9eec-b266be2f0cba","SKU-ZUGSL2-MSBN6ZOA:2","2","1","3","0","0","outbound_orders:553f20c8-04b1-478a-a3f9-d88b552a8ff6; outbound_order_lines (cascade); stock_reservations x2 (cascade); carrier_shipments / bulk_shipping_job_items (cascade); workflow_instances x1; warehouse_tasks x3; documents x0; order_manual_charges x0"
"OMS-2026-01799","SAFE","","f07e1a5e-170f-442a-ad7c-1118ebe6ded7","shipped","92326c8b-6e26-4a2d-9026-728b0e482eb3","OUT-2026-02495","shipped","1","1","WH-001/A/A-01","e15062a0-18d7-4133-9eec-b266be2f0cba","SKU-ZUGSL2-MSBN6ZOA:1","2","1","3","0","0","outbound_orders:92326c8b-6e26-4a2d-9026-728b0e482eb3; outbound_order_lines (cascade); stock_reservations x2 (cascade); carrier_shipments / bulk_shipping_job_items (cascade); workflow_instances x1; warehouse_tasks x3; documents x0; order_manual_charges x0"
"OMS-2026-01800","SAFE","","53f6b289-8b0e-4153-9e7f-b4b5fda4427e","shipped","1bb4a603-8ea3-49ab-a494-52fc19022a22","OUT-2026-02496","shipped","1","1","WH-001/A/A-01","e15062a0-18d7-4133-9eec-b266be2f0cba","SKU-ZUGSL2-MSBN6ZOA:1","2","1","3","0","0","outbound_orders:1bb4a603-8ea3-49ab-a494-52fc19022a22; outbound_order_lines (cascade); stock_reservations x2 (cascade); carrier_shipments / bulk_shipping_job_items (cascade); workflow_instances x1; warehouse_tasks x3; documents x0; order_manual_charges x0"
"OMS-2026-01803","SAFE","","88c52d9f-923f-4839-9415-b9a6df315328","shipped","f5ee65df-e438-418d-862e-d9cc7a542cdd","OUT-2026-02497","shipped","1","1","WH-001/A/A-01","e15062a0-18d7-4133-9eec-b266be2f0cba","SKU-ZUGSL2-MSBN6ZOA:1","2","1","3","0","0","outbound_orders:f5ee65df-e438-418d-862e-d9cc7a542cdd; outbound_order_lines (cascade); stock_reservations x2 (cascade); carrier_shipments / bulk_shipping_job_items (cascade); workflow_instances x1; warehouse_tasks x3; documents x0; order_manual_charges x0"
"OMS-2026-01805","SAFE","","ae795a0e-f5b6-4d75-b476-d1a862e431ea","shipped","33d7f2a6-9d7d-4ba6-b2d5-c8a842c40f09","OUT-2026-02498","shipped","1","1","WH-001/A/A-01","e15062a0-18d7-4133-9eec-b266be2f0cba","SKU-ZUGSL2-MSBN6ZOA:1","2","1","3","0","0","outbound_orders:33d7f2a6-9d7d-4ba6-b2d5-c8a842c40f09; outbound_order_lines (cascade); stock_reservations x2 (cascade); carrier_shipments / bulk_shipping_job_items (cascade); workflow_instances x1; warehouse_tasks x3; documents x0; order_manual_charges x0"
"OMS-2026-01807","SAFE","","97bc73fa-89c2-434c-b963-29a7150a71e7","shipped","25d37283-c987-44ee-ac3b-36540855420c","OUT-2026-02499","shipped","1","1","WH-001/A/A-01","e15062a0-18d7-4133-9eec-b266be2f0cba","SKU-ZUGSL2-MSBN6ZOA:1","2","1","3","0","0","outbound_orders:25d37283-c987-44ee-ac3b-36540855420c; outbound_order_lines (cascade); stock_reservations x2 (cascade); carrier_shipments / bulk_shipping_job_items (cascade); workflow_instances x1; warehouse_tasks x3; documents x0; order_manual_charges x0"
"OMS-2026-01808","SAFE","","a98ebca8-2ea1-4784-8033-9b695e9b9162","shipped","1de36dae-0924-4358-95e6-a96c0c5fd95f","OUT-2026-02500","shipped","1","1","WH-001/A/A-01","e15062a0-18d7-4133-9eec-b266be2f0cba","SKU-ZUGSL2-MSBN6ZOA:1","2","1","3","0","0","outbound_orders:1de36dae-0924-4358-95e6-a96c0c5fd95f; outbound_order_lines (cascade); stock_reservations x2 (cascade); carrier_shipments / bulk_shipping_job_items (cascade); workflow_instances x1; warehouse_tasks x3; documents x0; order_manual_charges x0"
"OMS-2026-01825","SAFE","","79cef1c6-43ba-47fb-8859-7d641302abaa","shipped","d29831a4-b625-4d16-b44d-85079378d04f","OUT-2026-02501","shipped","1","1","WH-001/A/A-01","e15062a0-18d7-4133-9eec-b266be2f0cba","SKU-ZUGSL2-MSBN6ZOA:1","2","1","3","0","0","outbound_orders:d29831a4-b625-4d16-b44d-85079378d04f; outbound_order_lines (cascade); stock_reservations x2 (cascade); carrier_shipments / bulk_shipping_job_items (cascade); workflow_instances x1; warehouse_tasks x3; documents x0; order_manual_charges x0"
"OMS-2026-01832","SAFE","","f52e3aa2-6aee-4e02-8cde-e58c205b54f0","shipped","5a1fa8a9-2f33-4d07-8fbd-29552b8ff8cf","OUT-2026-02502","shipped","1","1","WH-001/A/A-01","e15062a0-18d7-4133-9eec-b266be2f0cba","SKU-ZUGSL2-MSBN6ZOA:1","2","1","3","0","0","outbound_orders:5a1fa8a9-2f33-4d07-8fbd-29552b8ff8cf; outbound_order_lines (cascade); stock_reservations x2 (cascade); carrier_shipments / bulk_shipping_job_items (cascade); workflow_instances x1; warehouse_tasks x3; documents x0; order_manual_charges x0"
"OMS-2026-01843","SAFE","","cffa6257-e421-47e5-beed-2478a2dce75e","shipped","f3e616a5-1399-4b7e-8ca2-af49e3a9cd8a","OUT-2026-02503","shipped","1","1","WH-001/A/A-01","e15062a0-18d7-4133-9eec-b266be2f0cba","SKU-ZUGSL2-MSBN6ZOA:1","2","1","3","0","0","outbound_orders:f3e616a5-1399-4b7e-8ca2-af49e3a9cd8a; outbound_order_lines (cascade); stock_reservations x2 (cascade); carrier_shipments / bulk_shipping_job_items (cascade); workflow_instances x1; warehouse_tasks x3; documents x0; order_manual_charges x0"
"OMS-2026-01844","SAFE","","eaac4609-cae0-42b6-b04e-bbf757ca4ac0","shipped","6729d0f7-4721-4d2d-939f-68555b7a7d7b","OUT-2026-02504","shipped","1","1","WH-001/A/A-01","e15062a0-18d7-4133-9eec-b266be2f0cba","SKU-ZUGSL2-MSBN6ZOA:1","2","1","3","0","0","outbound_orders:6729d0f7-4721-4d2d-939f-68555b7a7d7b; outbound_order_lines (cascade); stock_reservations x2 (cascade); carrier_shipments / bulk_shipping_job_items (cascade); workflow_instances x1; warehouse_tasks x3; documents x0; order_manual_charges x0"
"OMS-2026-01846","SAFE","","0b32f33d-2c8a-4d2c-acac-515d510398ab","shipped","5f76efe3-00be-42dc-a421-1e2f8dc2be03","OUT-2026-02505","shipped","1","1","WH-001/A/A-01","e15062a0-18d7-4133-9eec-b266be2f0cba","SKU-ZUGSL2-MSBN6ZOA:1","2","1","3","0","0","outbound_orders:5f76efe3-00be-42dc-a421-1e2f8dc2be03; outbound_order_lines (cascade); stock_reservations x2 (cascade); carrier_shipments / bulk_shipping_job_items (cascade); workflow_instances x1; warehouse_tasks x3; documents x0; order_manual_charges x0"
"OMS-2026-01847","SAFE","","da296c67-ba2c-4574-8053-66ebe01da163","shipped","8bea94e5-086e-4ac8-bf64-96f0b60c026c","OUT-2026-02506","shipped","1","1","WH-001/A/A-01","e15062a0-18d7-4133-9eec-b266be2f0cba","SKU-ZUGSL2-MSBN6ZOA:1","2","1","3","0","0","outbound_orders:8bea94e5-086e-4ac8-bf64-96f0b60c026c; outbound_order_lines (cascade); stock_reservations x2 (cascade); carrier_shipments / bulk_shipping_job_items (cascade); workflow_instances x1; warehouse_tasks x3; documents x0; order_manual_charges x0"
"OMS-2026-01851","SAFE","","0fd40017-64e6-450e-b01a-852d29192c38","shipped","1ca7a78a-f4cb-46f7-8c7c-32795a810c89","OUT-2026-02507","shipped","1","1","WH-001/A/A-01","e15062a0-18d7-4133-9eec-b266be2f0cba","SKU-ZUGSL2-MSBN6ZOA:1","2","1","3","0","0","outbound_orders:1ca7a78a-f4cb-46f7-8c7c-32795a810c89; outbound_order_lines (cascade); stock_reservations x2 (cascade); carrier_shipments / bulk_shipping_job_items (cascade); workflow_instances x1; warehouse_tasks x3; documents x0; order_manual_charges x0"
"OMS-2026-01863","SAFE","","7a2516a1-b497-4c0a-a703-69c268773913","shipped","3edc4a67-63e0-4bd8-9fb2-ed1a74ce9980","OUT-2026-02508","shipped","1","1","WH-001/A/A-01","e15062a0-18d7-4133-9eec-b266be2f0cba","SKU-ZUGSL2-MSBN6ZOA:1","2","1","3","0","0","outbound_orders:3edc4a67-63e0-4bd8-9fb2-ed1a74ce9980; outbound_order_lines (cascade); stock_reservations x2 (cascade); carrier_shipments / bulk_shipping_job_items (cascade); workflow_instances x1; warehouse_tasks x3; documents x0; order_manual_charges x0"
"OMS-2026-01865","SAFE","","df90e68b-c257-446d-83a5-aa7ed1e36784","shipped","bbb2c4e7-755a-46b4-a68e-04e0265a596a","OUT-2026-02509","shipped","1","1","WH-001/A/A-01","e15062a0-18d7-4133-9eec-b266be2f0cba","SKU-ZUGSL2-MSBN6ZOA:1","2","1","3","0","0","outbound_orders:bbb2c4e7-755a-46b4-a68e-04e0265a596a; outbound_order_lines (cascade); stock_reservations x2 (cascade); carrier_shipments / bulk_shipping_job_items (cascade); workflow_instances x1; warehouse_tasks x3; documents x0; order_manual_charges x0"
"OMS-2026-01870","SAFE","","c0a934af-3786-4b2d-9ce4-5fcb808ace5e","shipped","8b942c8d-53a1-4d8b-b600-720c3b8c6530","OUT-2026-02510","shipped","1","1","WH-001/A/A-01","e15062a0-18d7-4133-9eec-b266be2f0cba","SKU-ZUGSL2-MSBN6ZOA:1","2","1","3","0","0","outbound_orders:8b942c8d-53a1-4d8b-b600-720c3b8c6530; outbound_order_lines (cascade); stock_reservations x2 (cascade); carrier_shipments / bulk_shipping_job_items (cascade); workflow_instances x1; warehouse_tasks x3; documents x0; order_manual_charges x0"
"OMS-2026-01876","SAFE","","58db732c-6bff-4b0d-81d9-3e529cb98733","shipped","b49222fb-52b3-44cc-a92d-27f7db471cd3","OUT-2026-02511","shipped","1","1","WH-001/A/A-01","e15062a0-18d7-4133-9eec-b266be2f0cba","SKU-ZUGSL2-MSBN6ZOA:1","2","1","3","0","0","outbound_orders:b49222fb-52b3-44cc-a92d-27f7db471cd3; outbound_order_lines (cascade); stock_reservations x2 (cascade); carrier_shipments / bulk_shipping_job_items (cascade); workflow_instances x1; warehouse_tasks x3; documents x0; order_manual_charges x0"
"OMS-2026-01877","SAFE","","a6784f4e-78bf-4c8c-ac53-66aaaa1b37d9","shipped","bd85a0e9-2d57-4f23-bdfb-1aa4b97053f6","OUT-2026-02512","shipped","1","1","WH-001/A/A-01","e15062a0-18d7-4133-9eec-b266be2f0cba","SKU-ZUGSL2-MSBN6ZOA:1","2","1","3","0","0","outbound_orders:bd85a0e9-2d57-4f23-bdfb-1aa4b97053f6; outbound_order_lines (cascade); stock_reservations x2 (cascade); carrier_shipments / bulk_shipping_job_items (cascade); workflow_instances x1; warehouse_tasks x3; documents x0; order_manual_charges x0"
"OMS-2026-01892","SAFE","","b8da9312-cee4-4961-bc45-c8dad2e41b1d","shipped","28192a1c-b4b7-42e2-b30e-f7a74ba380a7","OUT-2026-02513","shipped","1","1","WH-001/A/A-01","e15062a0-18d7-4133-9eec-b266be2f0cba","SKU-ZUGSL2-MSBN6ZOA:1","2","1","3","0","0","outbound_orders:28192a1c-b4b7-42e2-b30e-f7a74ba380a7; outbound_order_lines (cascade); stock_reservations x2 (cascade); carrier_shipments / bulk_shipping_job_items (cascade); workflow_instances x1; warehouse_tasks x3; documents x0; order_manual_charges x0"
"OMS-2026-01893","SAFE","","2b08ad30-d621-4916-be3f-4fb3b1a426bc","shipped","6ee98164-151e-4f7d-8894-1f2d2b115fab","OUT-2026-02514","shipped","1","1","WH-001/A/A-01","e15062a0-18d7-4133-9eec-b266be2f0cba","SKU-ZUGSL2-MSBN6ZOA:1","2","1","3","0","0","outbound_orders:6ee98164-151e-4f7d-8894-1f2d2b115fab; outbound_order_lines (cascade); stock_reservations x2 (cascade); carrier_shipments / bulk_shipping_job_items (cascade); workflow_instances x1; warehouse_tasks x3; documents x0; order_manual_charges x0"
"OMS-2026-01894","SAFE","","0cf66346-2029-470f-955c-0244a9c01859","shipped","0adc6b36-6822-4443-b850-2f3d13e32830","OUT-2026-02515","shipped","1","1","WH-001/A/A-01","e15062a0-18d7-4133-9eec-b266be2f0cba","SKU-ZUGSL2-MSBN6ZOA:1","2","1","3","0","0","outbound_orders:0adc6b36-6822-4443-b850-2f3d13e32830; outbound_order_lines (cascade); stock_reservations x2 (cascade); carrier_shipments / bulk_shipping_job_items (cascade); workflow_instances x1; warehouse_tasks x3; documents x0; order_manual_charges x0"
"OMS-2026-01895","SAFE","","9514a978-c32a-42ce-b88a-669208f68b6b","shipped","834c55de-e0e0-460b-a372-0f80c1d4e5b5","OUT-2026-02516","shipped","1","1","WH-001/A/A-01","e15062a0-18d7-4133-9eec-b266be2f0cba","SKU-ZUGSL2-MSBN6ZOA:1","2","1","3","0","0","outbound_orders:834c55de-e0e0-460b-a372-0f80c1d4e5b5; outbound_order_lines (cascade); stock_reservations x2 (cascade); carrier_shipments / bulk_shipping_job_items (cascade); workflow_instances x1; warehouse_tasks x3; documents x0; order_manual_charges x0"
"OMS-2026-01896","SAFE","","700e4580-19f2-4ee4-a2fc-5714f994e2a0","shipped","bd0a69c6-ccb4-4e5c-a85c-6096278f62f5","OUT-2026-02517","shipped","1","1","WH-001/A/A-01","e15062a0-18d7-4133-9eec-b266be2f0cba","SKU-ZUGSL2-MSBN6ZOA:1","2","1","3","0","0","outbound_orders:bd0a69c6-ccb4-4e5c-a85c-6096278f62f5; outbound_order_lines (cascade); stock_reservations x2 (cascade); carrier_shipments / bulk_shipping_job_items (cascade); workflow_instances x1; warehouse_tasks x3; documents x0; order_manual_charges x0"
"OMS-2026-01897","SAFE","","530a853c-656f-4cb7-892a-4f2b99de468c","shipped","a0a9e273-35ed-43e8-af48-866e93a7b43b","OUT-2026-02518","shipped","1","1","WH-001/A/A-01","e15062a0-18d7-4133-9eec-b266be2f0cba","SKU-ZUGSL2-MSBN6ZOA:1","2","1","3","0","0","outbound_orders:a0a9e273-35ed-43e8-af48-866e93a7b43b; outbound_order_lines (cascade); stock_reservations x2 (cascade); carrier_shipments / bulk_shipping_job_items (cascade); workflow_instances x1; warehouse_tasks x3; documents x0; order_manual_charges x0"
"OMS-2026-01898","SAFE","","8fd1eafe-2db5-4a4b-b1f4-26f804976706","shipped","91f91fca-c27d-4e07-aef6-dadc414c6fea","OUT-2026-02519","shipped","1","1","WH-001/A/A-01","e15062a0-18d7-4133-9eec-b266be2f0cba","SKU-ZUGSL2-MSBN6ZOA:1","2","1","3","0","0","outbound_orders:91f91fca-c27d-4e07-aef6-dadc414c6fea; outbound_order_lines (cascade); stock_reservations x2 (cascade); carrier_shipments / bulk_shipping_job_items (cascade); workflow_instances x1; warehouse_tasks x3; documents x0; order_manual_charges x0"
"OMS-2026-01899","SAFE","","664c5cc4-f422-4fbd-9758-07c7a8d83f46","shipped","97a103e6-b837-4e68-b1ff-28f98f2186d9","OUT-2026-02520","shipped","1","1","WH-001/A/A-01","e15062a0-18d7-4133-9eec-b266be2f0cba","SKU-ZUGSL2-MSBN6ZOA:1","2","1","3","0","0","outbound_orders:97a103e6-b837-4e68-b1ff-28f98f2186d9; outbound_order_lines (cascade); stock_reservations x2 (cascade); carrier_shipments / bulk_shipping_job_items (cascade); workflow_instances x1; warehouse_tasks x3; documents x0; order_manual_charges x0"
"OMS-2026-01901","SAFE","","0e15e34e-a8e7-4245-8eaa-88d2ac681949","shipped","794ecb57-4e1f-457a-b117-b4b5db481e91","OUT-2026-02521","shipped","1","1","WH-001/A/A-01","e15062a0-18d7-4133-9eec-b266be2f0cba","SKU-ZUGSL2-MSBN6ZOA:1","2","1","3","0","0","outbound_orders:794ecb57-4e1f-457a-b117-b4b5db481e91; outbound_order_lines (cascade); stock_reservations x2 (cascade); carrier_shipments / bulk_shipping_job_items (cascade); workflow_instances x1; warehouse_tasks x3; documents x0; order_manual_charges x0"
"OMS-2026-01903","SAFE","","a0e5a063-6d62-4bff-ad21-05afef98ad32","shipped","35d8af45-ab6a-4a60-952e-93a7aa568bf5","OUT-2026-02522","shipped","1","1","WH-001/A/A-01","e15062a0-18d7-4133-9eec-b266be2f0cba","SKU-ZUGSL2-MSBN6ZOA:1","2","1","3","0","0","outbound_orders:35d8af45-ab6a-4a60-952e-93a7aa568bf5; outbound_order_lines (cascade); stock_reservations x2 (cascade); carrier_shipments / bulk_shipping_job_items (cascade); workflow_instances x1; warehouse_tasks x3; documents x0; order_manual_charges x0"
"OMS-2026-01904","SAFE","","c8cee159-5302-4e77-adfc-2f3be53b5ec4","shipped","028cad3d-200f-4120-ac83-eca3c9022e46","OUT-2026-02523","shipped","1","1","WH-001/A/A-01","e15062a0-18d7-4133-9eec-b266be2f0cba","SKU-ZUGSL2-MSBN6ZOA:1","2","1","3","0","0","outbound_orders:028cad3d-200f-4120-ac83-eca3c9022e46; outbound_order_lines (cascade); stock_reservations x2 (cascade); carrier_shipments / bulk_shipping_job_items (cascade); workflow_instances x1; warehouse_tasks x3; documents x0; order_manual_charges x0"
"OMS-2026-01905","SAFE","","1f455f22-dbd8-4211-b256-b77428c3a195","shipped","7e292568-78d1-4ef4-aedd-035e86922f50","OUT-2026-02524","shipped","1","1","WH-001/A/A-01","e15062a0-18d7-4133-9eec-b266be2f0cba","SKU-ZUGSL2-MSBN6ZOA:1","2","1","3","0","0","outbound_orders:7e292568-78d1-4ef4-aedd-035e86922f50; outbound_order_lines (cascade); stock_reservations x2 (cascade); carrier_shipments / bulk_shipping_job_items (cascade); workflow_instances x1; warehouse_tasks x3; documents x0; order_manual_charges x0"
"OMS-2026-01906","SAFE","","95829774-5f47-4e4c-96a6-ef3c311de246","shipped","67a4f232-0720-4e8a-98a3-cfcb434fdc43","OUT-2026-02525","shipped","1","1","WH-001/A/A-01","e15062a0-18d7-4133-9eec-b266be2f0cba","SKU-ZUGSL2-MSBN6ZOA:1","2","1","3","0","0","outbound_orders:67a4f232-0720-4e8a-98a3-cfcb434fdc43; outbound_order_lines (cascade); stock_reservations x2 (cascade); carrier_shipments / bulk_shipping_job_items (cascade); workflow_instances x1; warehouse_tasks x3; documents x0; order_manual_charges x0"